gENOMAS	Enzyme_1	Enzyme_2	Enzyme_3	Enzyme_4	Enzyme_5	Enzyme_6	Enzyme_7	Enzyme_8	Enzyme_9	Enzyme_10	Enzyme_11	Enzyme_12	Enzyme_13	Enzyme_14	Enzyme_15	Enzyme_16	Enzyme_17	Enzyme_18	Enzyme_19	Enzyme_20	Enzyme_21	Enzyme_22	Enzyme_23	Enzyme_24	Enzyme_25	Enzyme_26	Enzyme_27	Enzyme_28	Enzyme_29	Enzyme_30	Enzyme_31	Enzyme_32	Enzyme_33	Enzyme_34	Enzyme_35	Enzyme_36	Enzyme_37	Enzyme_38	Enzyme_39	Enzyme_40	Enzyme_41	Enzyme_42	Enzyme_43	Enzyme_44	Enzyme_45	Enzyme_46	Enzyme_47	Enzyme_48	Enzyme_49	Enzyme_50	Enzyme_51	Enzyme_52	Enzyme_53	Enzyme_54	Enzyme_55	Enzyme_56	Enzyme_57	Enzyme_58	Enzyme_59	Enzyme_60	Enzyme_61	Enzyme_62	Enzyme_63	Enzyme_64	Enzyme_65	Enzyme_66	Enzyme_67	Enzyme_68	Enzyme_69	Enzyme_70	Enzyme_71	Enzyme_72	Enzyme_73	Enzyme_74	Enzyme_75	Enzyme_76	Enzyme_77	Enzyme_78	Enzyme_79	Enzyme_80	Enzyme_81	Enzyme_82	Enzyme_83	Enzyme_84	Enzyme_85	Enzyme_86	Enzyme_87	Enzyme_88	Enzyme_89	Enzyme_90	Enzyme_91	Enzyme_92	Enzyme_93
Streptomyces achromogenes subsp. achromogenes JODT01	5	1	3	3	1	6	8	0	5	1	1	3	1	2	1	2	4	5	1	2	1	1	2	4	1	1	4	1	1	4	1	5	5	1	1	2	1	3	1	1	5	2	1	1	1	1	1	2	1	3	1	1	2	1	1	3	1	1	1	4	3	3	1	3	4	1	2	2	2	1	3	1	1	0	0	1	1	1	1	1	4	1	1	1	3	11	1	2	1	2	2	1	2
Streptomyces acidiscabies 84-104 AHBF01	9	1	3	4	0	7	9	1	5	1	1	3	1	2	2	2	6	5	1	2	1	1	3	4	1	1	5	1	1	1	0	2	3	2	4	2	1	4	1	1	3	2	2	1	1	1	1	2	1	4	1	1	3	1	1	4	1	1	1	5	3	3	1	3	2	1	3	2	2	2	3	1	1	0	0	1	1	1	1	1	6	1	1	2	2	6	2	3	1	1	2	2	2
Streptomyces Afghaniensis 772 AOPY01	7	1	3	5	0	9	8	2	6	1	1	3	1	2	2	2	6	5	1	2	2	1	2	4	1	1	5	1	0	2	0	4	5	2	1	2	1	3	1	1	3	3	1	1	1	1	1	2	1	2	1	1	3	1	1	4	1	1	2	5	3	5	1	1	1	0	2	1	1	1	3	1	1	0	0	1	1	1	2	1	5	1	1	2	2	8	1	4	1	2	1	1	2
Streptomyces albidoflavus JOII01	5	1	3	1	0	2	8	1	4	1	1	3	1	2	1	2	4	0	1	2	1	1	2	1	1	1	5	1	1	2	1	4	5	2	1	2	1	2	1	1	1	1	1	1	1	1	1	2	1	2	1	1	3	1	1	3	1	1	1	3	2	2	1	1	1	1	1	1	1	1	3	1	1	0	0	1	2	1	1	1	4	1	1	1	4	6	1	1	1	1	1	1	1
Streptomyces alboflavus JNXT01	7	1	3	3	0	3	10	1	3	1	1	3	1	2	2	2	5	2	1	2	1	1	3	4	1	1	6	1	1	3	0	2	2	2	1	1	1	2	1	1	1	1	1	1	1	1	1	2	1	4	1	1	4	2	1	3	1	2	2	4	3	2	1	2	1	1	1	1	2	1	6	2	1	0	0	1	1	1	2	1	5	1	1	1	2	7	1	2	1	2	2	2	2
Streptomyces alboviridis JNWU01	7	1	3	3	0	3	9	1	4	1	1	3	1	2	2	2	5	2	1	2	1	1	3	4	1	1	6	1	1	2	1	4	5	2	1	1	1	2	1	1	2	1	1	1	1	1	1	2	1	2	1	1	3	1	1	3	1	1	1	3	2	2	1	2	1	1	1	1	2	1	3	1	1	0	0	1	1	1	2	1	5	1	1	1	1	6	1	2	1	1	1	1	1
Streptomyces albulus CCRC 11814 AROY02	5	1	3	2	0	8	6	1	4	1	2	2	1	2	2	2	4	5	1	2	1	1	2	3	1	1	3	1	1	4	0	2	2	1	1	1	1	2	1	2	2	1	1	1	1	1	1	2	1	2	1	1	3	1	1	3	1	1	1	4	3	3	1	1	0	0	0	0	1	0	2	1	1	0	0	1	2	2	2	2	4	1	1	1	4	11	1	2	1	2	2	2	3
Streptomyces albus J1074 NC_020990.1	5	1	3	1	0	2	8	1	4	1	1	3	1	2	2	2	4	0	1	2	1	1	2	1	1	1	5	1	1	2	1	4	5	2	1	2	1	2	1	1	1	1	1	1	1	1	1	2	1	2	1	1	3	1	1	3	1	1	1	3	2	2	1	2	1	1	1	1	1	1	3	1	1	0	0	1	2	1	1	1	4	1	1	1	4	6	1	1	1	1	1	1	1
Streptomyces ambofaciens ATCC 23877 NZ_CP012382.1	4	1	3	3	0	3	10	2	5	1	2	3	1	2	1	2	4	0	1	2	1	1	2	4	1	1	4	1	1	2	1	4	6	1	1	2	1	3	1	1	3	2	2	1	1	1	1	2	1	2	1	1	2	1	1	3	1	1	1	6	3	2	1	1	1	1	2	1	1	1	2	1	1	0	0	1	1	1	2	2	4	1	1	1	4	8	1	2	1	1	1	1	1
Streptomyces anulatus JOEZ01	7	1	3	3	0	5	8	1	5	1	1	2	1	2	1	2	4	0	1	2	1	1	2	3	1	1	3	1	1	2	0	3	4	1	1	1	1	5	1	1	2	1	1	1	1	0	1	2	1	2	1	1	3	1	1	3	1	1	1	3	2	2	1	2	1	1	1	1	1	1	3	1	1	0	0	1	2	1	2	1	4	1	1	1	1	5	1	2	1	1	1	1	1
Streptomyces atratus JQJU01	8	1	3	3	0	3	11	1	4	1	2	1	1	1	1	2	5	1	2	2	1	1	3	3	1	1	3	1	1	1	0	3	4	1	1	1	1	1	1	2	1	1	1	1	1	1	1	2	1	2	1	1	3	1	1	3	1	2	2	3	2	3	1	2	1	1	1	1	1	1	2	1	1	0	0	1	1	1	2	1	4	1	1	1	1	7	1	1	1	1	1	1	1
Streptomyces atroolivaceus JNXG01	9	1	3	3	1	6	8	1	4	1	2	2	1	2	2	2	6	1	2	2	1	1	3	3	1	1	4	1	1	2	1	3	4	1	1	1	1	2	1	2	2	1	1	1	1	1	1	2	1	2	1	3	3	1	1	3	1	1	1	4	2	2	1	1	1	2	2	1	2	1	4	1	1	0	0	1	1	1	2	1	5	1	1	1	2	6	1	2	1	1	1	1	2
Streptomyces aurantiacus JA 4570 AOPZ01	7	1	3	3	0	6	10	0	4	1	0	3	0	2	1	2	5	2	1	2	1	1	2	4	2	1	3	1	1	4	0	2	3	1	1	0	0	2	1	0	1	0	1	1	1	1	1	2	1	3	1	1	3	1	1	2	1	2	2	4	3	0	1	2	0	1	0	0	1	0	3	2	1	0	0	1	1	1	2	1	5	1	1	1	3	7	1	2	1	2	1	1	2
Streptomyces auratus AGR0001 AJGV01	5	1	3	4	0	3	7	1	5	1	1	2	1	2	1	2	3	4	1	2	1	1	2	3	1	1	4	1	1	3	0	4	6	2	1	1	1	1	1	1	1	1	1	1	1	1	1	2	1	3	2	1	3	1	1	3	1	1	1	3	2	3	1	5	2	1	1	1	2	1	3	1	1	0	0	1	1	1	2	2	3	1	1	1	2	6	1	1	1	1	1	1	1
Streptomyces aureocirculatus JOAR01	7	1	3	3	0	3	8	1	4	1	1	2	1	2	2	2	4	3	1	2	1	1	4	3	3	1	5	1	1	4	0	2	2	2	1	1	1	2	1	1	2	1	1	1	1	1	1	2	1	2	1	1	3	2	1	3	1	1	1	4	3	2	1	2	1	1	1	1	1	1	3	1	1	0	0	1	1	1	1	2	4	1	1	1	2	8	1	1	1	1	2	1	3
Streptomyces aureofaciens NRRL B-1286 JNWR01	2	1	3	5	0	6	8	0	5	1	1	2	1	2	1	2	4	6	1	2	1	1	3	3	1	1	6	1	1	2	0	2	3	1	2	1	1	2	2	1	1	1	1	1	1	1	1	2	1	4	1	1	3	1	1	3	1	1	1	3	2	4	1	2	1	1	1	1	1	1	3	1	1	0	0	1	1	1	1	1	4	1	1	2	3	5	1	1	1	2	1	1	1
Streptomyces aureofaciens NRRL B-2183 JODU01	8	1	3	4	0	2	8	0	5	1	2	3	1	2	1	2	5	1	1	2	1	1	2	3	1	1	5	1	1	2	0	3	6	1	2	2	1	3	1	2	3	2	2	1	1	1	1	2	1	2	1	1	3	1	1	4	1	2	2	5	3	2	1	2	1	1	2	1	1	1	3	2	1	0	0	3	2	1	2	1	5	1	3	2	3	8	1	3	1	1	1	1	1
Streptomyces aureofaciens NRRL B-2657JOER01	4	1	3	5	0	5	7	0	5	1	1	2	1	2	1	2	4	6	1	2	1	1	3	3	1	1	5	1	1	2	0	2	2	2	2	2	1	2	1	0	1	1	2	1	1	1	1	2	1	4	1	1	3	2	1	3	1	1	1	3	2	3	1	2	1	1	1	1	1	1	3	1	1	0	0	1	1	1	1	1	4	1	1	2	3	6	1	1	1	2	2	2	2
Streptomyces aureus JNZD01	8	1	3	3	1	3	10	0	4	1	1	3	1	2	1	2	5	1	2	3	1	1	3	4	1	1	6	1	1	3	1	5	6	1	1	2	1	4	1	1	3	2	2	1	1	1	1	2	1	2	1	1	3	2	1	4	1	2	2	5	3	2	1	1	1	1	1	1	3	1	2	1	1	0	0	1	1	1	2	1	5	1	1	1	2	8	1	2	1	2	1	1	1
Streptomyces avellaneus JOFK01	2	1	3	5	0	5	7	1	3	1	1	2	1	2	1	2	4	6	1	2	1	1	3	3	1	1	5	1	1	2	0	1	1	1	2	2	1	2	1	1	1	1	1	1	1	1	1	2	1	3	1	1	2	2	1	3	1	1	1	2	1	2	1	2	1	1	1	1	1	1	3	1	1	0	0	1	1	1	1	1	4	1	1	2	3	3	1	1	1	2	2	2	2
Streptomyces avermitilis MA-4680 = NBRC 14893 NC_003155.4	5	1	3	3	0	5	12	2	5	1	1	2	1	2	1	2	5	0	1	2	1	1	3	3	1	1	4	1	1	2	0	3	3	2	1	2	1	3	1	1	3	2	2	1	1	1	1	2	1	3	1	1	3	1	1	3	1	2	2	5	3	3	1	1	1	1	2	1	1	1	3	1	1	0	0	1	1	1	2	1	5	1	1	2	1	9	1	2	1	1	1	1	1
Streptomyces avicenniae JOEK01	3	1	3	1	0	3	6	2	1	1	1	2	1	1	1	2	4	0	1	1	1	1	3	2	1	1	3	1	2	2	2	3	3	1	1	3	1	2	1	1	2	1	2	1	1	1	1	2	1	2	1	1	3	2	1	3	1	1	1	3	2	1	1	1	1	1	1	1	1	1	3	1	1	0	0	1	1	2	1	1	4	1	1	1	2	4	1	1	1	1	1	1	1
Streptomyces baarnensis JNZV01	9	1	3	3	0	3	8	1	4	1	1	2	1	2	2	2	4	0	2	2	1	1	3	3	1	1	4	1	1	2	1	3	4	2	2	1	1	2	1	1	2	1	1	1	1	1	1	2	1	2	1	1	3	1	1	3	1	1	1	3	2	2	1	2	1	1	1	1	2	1	4	1	1	1	0	1	1	1	2	1	4	1	1	1	1	6	1	2	1	1	1	1	1
Streptomyces bicolor JOFS01	7	1	3	2	0	6	10	2	5	1	1	3	1	2	1	2	4	2	1	2	2	1	2	4	1	1	3	2	1	2	0	2	3	1	1	2	1	3	1	1	3	2	2	1	1	1	1	2	1	2	1	1	2	1	1	3	1	2	2	5	3	4	1	1	1	1	2	1	2	1	2	1	1	0	0	1	1	1	2	3	4	1	1	1	3	8	1	3	1	1	1	1	1
Streptomyces bikiniensis NRRL B-1049 JNWL01	6	1	3	2	0	6	8	1	3	1	1	3	1	2	1	2	4	1	1	1	1	1	3	3	1	1	3	1	1	5	0	3	4	4	1	2	1	1	1	1	1	1	2	1	1	1	1	2	1	4	1	1	3	1	1	4	1	1	1	4	2	3	1	1	2	1	1	1	2	1	3	1	1	0	0	1	1	1	2	1	4	1	1	1	2	6	1	1	0	1	1	1	1
Streptomyces bikiniensis NRRL ISP-5582 JOAU01	6	1	3	2	0	7	9	1	3	1	1	3	1	2	1	2	4	1	1	1	1	1	3	3	1	1	3	1	1	5	0	3	4	4	1	2	1	1	1	1	1	1	2	1	1	1	1	2	1	4	1	1	2	1	1	4	1	1	1	4	2	3	1	1	2	1	1	1	2	1	3	1	1	0	0	1	1	1	2	1	4	1	1	1	2	6	1	1	1	1	1	1	1
Streptomyces bingchenggensis BCW-1 NC_016582.1	15	1	3	4	0	8	13	3	5	1	2	4	1	2	1	2	6	2	1	2	2	1	4	4	1	1	7	1	1	4	0	2	4	2	1	3	1	5	1	2	3	2	1	1	1	1	1	2	1	3	1	1	2	1	1	3	1	2	2	5	3	4	1	1	1	2	1	1	1	1	3	1	1	0	0	1	1	1	2	1	6	1	1	1	2	8	1	4	1	2	1	1	4
Streptomyces bottropensis ATCC 25435 ARTP01	7	1	3	3	0	5	9	1	6	1	1	3	1	2	1	2	5	1	1	2	1	1	3	4	1	1	6	1	1	2	0	3	4	1	1	2	1	4	2	1	4	3	2	1	1	1	1	2	1	3	1	1	2	1	1	4	1	2	2	4	3	3	1	2	2	1	3	1	1	1	3	1	1	0	1	1	1	1	2	1	5	1	1	1	2	9	1	3	1	1	1	1	1
Streptomyces brasiliensis JNXB01	7	1	3	3	0	5	8	1	4	1	1	2	1	2	2	2	5	2	1	2	1	1	3	3	1	1	5	1	1	3	1	4	5	2	1	2	1	2	1	1	2	1	1	1	1	1	1	3	1	2	1	1	4	1	1	3	1	1	1	3	2	2	1	1	1	2	1	1	2	1	3	2	1	0	0	1	1	1	2	1	5	1	1	1	1	6	1	1	1	1	1	1	1
Streptomyces californicus JOFG01	7	1	3	3	0	4	8	1	4	1	1	2	1	2	2	2	5	2	1	2	1	1	3	3	1	1	5	1	1	3	1	4	5	2	1	2	1	2	1	1	2	1	1	1	1	1	1	3	1	2	1	1	4	1	1	3	1	1	1	3	2	2	1	1	1	2	1	1	2	1	3	2	1	0	0	1	1	1	2	1	5	1	1	1	1	6	1	1	1	1	1	1	1
Streptomyces canus 299MFChir4.1 ARTQ01	10	1	3	4	0	3	13	2	6	1	1	3	1	2	1	2	5	2	1	2	1	1	2	5	1	1	5	1	1	3	0	3	4	1	1	2	1	3	1	1	3	2	2	1	1	1	1	2	1	2	1	2	3	2	1	3	1	2	2	5	3	4	1	1	1	1	2	1	2	1	2	1	1	0	1	1	1	1	2	2	5	2	1	2	4	9	1	3	1	3	3	2	2
Streptomyces capuensis JNWP01	7	1	3	3	1	11	8	1	5	1	2	2	1	2	2	2	6	5	2	3	1	1	2	5	1	1	6	1	1	4	0	3	4	2	1	1	1	1	1	2	2	1	1	1	1	1	1	2	1	2	1	1	4	1	2	3	1	1	1	4	3	2	1	2	2	1	1	1	1	1	4	2	1	0	0	2	1	1	2	2	6	1	2	1	2	7	1	1	1	2	2	2	2
Streptomyces carneus JNZF01	4	1	3	1	0	6	5	1	2	1	1	2	1	2	1	1	3	2	1	1	1	1	1	2	1	1	2	1	1	1	1	3	3	4	1	2	1	2	1	1	1	2	1	1	1	1	1	2	1	2	2	1	4	3	1	2	1	1	1	4	2	2	0	1	1	1	1	1	1	1	5	1	1	0	0	1	1	2	0	1	3	1	1	2	2	5	1	2	1	2	2	1	3
Streptomyces catenulae JODY01	2	1	2	2	0	5	6	1	3	1	2	2	1	2	1	2	4	1	2	1	1	1	2	4	1	1	4	1	2	2	1	4	5	2	1	1	1	1	1	2	1	1	1	1	1	1	1	2	1	2	1	1	3	1	1	3	1	1	1	2	1	3	1	2	2	1	1	1	1	1	4	2	1	0	0	2	1	1	1	1	4	1	1	1	2	7	1	1	1	1	1	1	1
Streptomyces cattleya NRRL 8057 = DSM 46488 NC_017586.1	3	1	3	3	0	3	7	1	3	1	1	2	1	2	1	2	4	2	1	2	1	1	2	2	1	1	3	1	1	4	0	3	3	1	1	1	1	1	1	1	1	1	1	1	1	1	1	2	1	3	1	1	3	1	0	4	1	1	1	4	3	2	1	2	1	1	1	1	2	1	3	1	1	0	0	1	1	1	1	1	3	1	1	1	1	7	1	1	1	1	1	1	1
Streptomyces cellulosae JOEV01	9	1	3	3	0	3	13	2	4	1	1	3	1	2	2	2	5	2	1	2	1	1	2	5	1	1	5	1	1	2	0	2	3	1	2	3	1	3	1	1	3	3	2	1	1	1	1	2	1	3	1	1	3	1	1	4	1	2	2	5	3	4	1	2	2	1	2	1	1	1	5	2	1	0	0	2	1	1	2	1	5	1	2	1	3	9	1	4	2	1	1	1	1
Streptomyces chartreusis NRRL 12338 AGDE01	7	1	3	5	0	5	10	0	5	1	1	3	1	2	1	2	7	3	1	2	1	1	2	5	1	1	6	1	1	3	0	3	4	1	1	2	1	1	1	1	1	2	1	1	1	1	1	2	1	2	1	1	3	1	1	4	1	2	2	5	3	3	1	3	2	1	2	1	1	1	3	1	1	0	0	2	1	1	2	1	6	1	2	2	2	9	1	3	1	2	1	1	2
Streptomyces clavuligerus ATCC 27064 NZ_CM000913.1	5	1	3	3	0	4	7	1	4	0	0	2	1	1	1	2	5	1	1	2	1	1	3	2	1	1	4	1	1	4	1	4	4	1	1	1	0	1	1	1	1	1	1	1	1	1	1	2	1	2	2	1	3	1	1	3	1	1	1	3	2	2	1	1	1	1	1	1	1	1	2	1	1	0	0	1	1	1	2	1	4	1	1	1	1	5	1	2	1	1	1	1	2
Streptomyces coelicoflavus ZG0656 AHGS01	6	1	2	3	0	2	7	2	3	1	2	3	1	2	1	2	4	1	1	2	1	1	2	3	1	1	4	1	1	2	0	3	4	1	1	2	1	3	1	2	3	2	2	1	1	1	1	2	1	2	1	1	3	2	1	3	1	2	2	3	3	2	1	2	2	1	1	1	2	1	4	2	1	0	0	2	1	1	2	1	4	1	2	1	3	9	1	3	1	1	2	2	3
Streptomyces coelicolor A3(2) NC_003888.3	10	1	3	3	0	2	8	2	5	1	2	3	1	2	2	2	5	1	1	2	1	1	2	3	1	1	5	1	1	3	0	3	5	2	1	2	1	3	1	2	3	2	2	1	1	1	1	2	1	2	1	1	3	1	1	4	1	2	2	5	3	2	1	2	1	1	1	1	2	1	4	2	1	0	0	2	1	1	2	2	5	1	2	2	3	8	2	3	1	1	1	1	1
Streptomyces collinus Tu 365 NC_021985.1	4	1	3	3	0	6	9	2	5	1	1	4	1	2	1	2	6	1	1	2	1	1	2	3	1	1	4	1	1	4	0	3	3	1	3	2	1	3	1	1	3	2	2	1	1	1	1	2	1	3	1	1	3	1	1	3	1	1	1	4	3	3	1	1	1	1	1	1	1	1	3	2	1	0	0	1	1	3	1	1	6	1	1	1	2	9	1	2	1	1	1	1	1
Streptomyces cyaneofuscatus JOEM01	6	1	3	2	1	6	8	1	4	1	1	3	1	2	2	2	4	1	2	2	1	1	3	3	1	1	4	1	1	2	1	3	4	2	1	1	1	2	1	1	2	1	1	1	1	0	1	2	1	2	1	1	3	1	1	3	1	1	1	3	2	2	1	2	1	1	1	1	2	1	3	1	1	0	0	1	1	1	2	1	4	1	1	1	2	6	1	1	1	1	1	1	1
Streptomyces cyaneogriseus subsp. noncyanogenus strain NMWT NZ_CP010849.1	4	1	3	3	0	2	9	2	4	1	2	3	1	2	1	2	4	2	1	2	1	1	2	3	1	1	3	1	1	3	0	3	4	1	1	2	1	2	1	1	3	2	2	1	1	1	1	2	1	2	1	1	2	1	1	5	1	1	1	4	3	3	1	1	2	1	2	1	1	1	2	1	1	0	0	1	1	1	2	1	4	1	1	1	3	9	1	2	1	1	1	1	1
Streptomyces davawensis strain JCM 4913 NC_020504.1	8	1	3	3	0	4	13	2	5	1	1	2	1	2	2	2	5	1	1	2	1	1	2	3	1	1	4	1	1	3	0	3	4	2	1	2	1	3	1	1	3	2	2	1	1	1	1	2	1	2	1	1	3	1	1	3	1	2	2	4	2	3	1	2	2	1	2	1	2	1	3	1	1	0	0	1	1	1	2	1	5	1	1	1	2	6	2	2	1	1	2	1	1
Streptomyces durhamensis JNXR01	7	1	3	4	1	4	10	2	5	1	1	3	1	2	1	2	5	3	2	2	1	1	2	5	1	1	4	2	1	4	0	3	4	1	2	2	1	3	1	1	3	2	2	1	1	1	1	2	1	3	1	1	3	1	1	3	1	1	1	5	3	3	1	1	1	1	1	1	1	1	2	1	1	0	0	1	1	1	2	1	5	1	1	1	3	10	1	2	1	2	1	1	1
Streptomyces erythrochromogenes JNZG01	2	1	3	4	0	3	6	1	5	1	1	2	1	2	1	2	4	0	2	2	1	1	3	2	1	1	5	1	1	3	1	2	2	2	1	1	1	2	1	1	1	1	1	1	1	1	1	2	1	2	1	1	3	1	1	3	1	1	1	5	3	3	1	1	1	1	1	1	1	1	2	1	1	0	1	1	1	1	1	1	4	1	1	1	2	7	1	1	1	1	1	1	1
Streptomyces exfoliatus JNZP01	7	1	3	4	0	2	10	1	4	1	1	3	1	1	2	2	5	3	1	2	1	1	3	3	1	1	4	1	1	2	0	4	5	1	1	1	1	2	1	1	1	1	1	1	1	0	1	2	1	2	1	1	2	1	1	3	1	1	1	4	3	3	1	2	1	1	1	1	2	1	2	1	1	0	0	1	1	1	2	1	5	1	1	1	2	6	1	2	1	1	1	1	1
Streptomyces flaveolus JNWV01	5	1	3	3	0	5	12	2	5	1	1	3	1	3	1	2	4	3	1	2	1	1	2	3	1	1	5	2	1	2	0	3	4	1	2	3	1	3	1	2	4	2	1	1	1	1	1	2	1	2	1	2	3	2	1	4	2	2	2	6	3	3	1	2	1	1	2	1	1	1	3	2	1	0	0	1	1	1	2	1	4	2	1	1	3	10	2	2	1	1	2	1	2
Streptomyces Flaveus JOCU01	5	1	3	3	0	5	12	2	5	1	1	3	1	2	1	2	4	3	1	2	1	1	2	3	1	1	5	2	1	2	0	3	4	1	2	3	1	3	1	1	4	2	1	1	1	1	1	2	1	2	1	2	3	1	1	4	2	2	2	6	3	3	1	2	1	1	2	1	1	1	3	2	1	0	0	1	1	1	2	1	4	2	1	1	3	10	0	2	1	1	1	1	1
Streptomyces flavidovirens DSM 40150 AUBE01	6	1	3	3	0	3	9	1	5	1	1	2	1	2	1	2	3	0	1	2	1	1	3	3	1	1	3	1	1	1	0	2	2	1	2	1	1	1	1	1	3	1	1	1	1	1	1	2	1	2	1	1	2	1	1	3	1	1	1	4	3	2	1	2	2	2	2	2	3	2	4	2	1	0	0	2	2	2	2	2	3	1	2	1	1	6	1	2	1	1	1	1	1
Streptomyces flavochromogenes JNZO01	7	1	3	3	0	5	8	1	4	1	1	3	1	2	2	2	4	4	1	2	1	1	3	3	1	1	3	1	1	3	0	4	5	3	2	2	1	1	1	1	1	1	1	1	1	0	1	2	1	2	1	1	2	1	1	4	1	1	1	5	3	3	1	1	1	1	1	1	2	1	2	1	1	0	0	1	1	2	2	1	4	1	1	1	2	7	1	2	2	1	1	1	1
Streptomyces Flavotricini JNXV01	1	1	2	4	0	3	3	1	3	1	1	3	1	2	1	2	3	1	2	2	1	1	2	3	0	1	3	1	1	1	0	2	2	1	1	1	1	1	1	1	1	1	1	1	1	1	1	2	1	3	1	1	3	2	1	3	1	1	1	4	2	2	1	2	1	1	0	1	1	1	3	1	1	0	1	1	1	1	1	1	3	1	1	1	1	4	1	1	2	1	1	1	2
Streptomyces flavovirens JOAB01	5	1	3	2	1	5	7	1	4	1	2	2	1	2	2	2	5	2	1	2	1	1	3	3	1	1	4	1	1	4	1	3	5	2	1	1	1	2	1	2	3	1	1	1	1	0	1	2	1	2	1	1	3	1	1	4	1	1	1	3	2	2	1	1	1	1	1	1	2	1	2	1	1	0	0	1	1	1	2	1	4	1	1	1	2	7	1	3	1	1	1	1	1
Streptomyces floridae JOAC01	7	1	3	3	0	3	8	1	4	1	1	2	1	2	2	2	5	2	1	2	1	1	4	3	1	1	5	1	1	3	1	4	5	2	1	2	1	2	1	1	2	1	1	1	1	1	1	3	1	2	1	1	4	1	1	3	1	1	1	3	2	2	1	1	1	2	1	1	2	1	3	2	1	0	0	1	1	1	2	1	5	1	1	1	1	6	1	1	1	1	1	1	1
Streptomyces fradiae JNAD01	2	1	3	1	0	7	10	1	4	1	1	3	1	2	1	2	2	0	1	2	1	1	2	5	1	1	2	1	1	2	0	3	3	1	1	1	1	2	1	1	3	1	1	1	1	1	1	2	1	2	1	1	2	1	1	4	1	1	1	3	2	2	1	1	1	1	1	1	1	1	2	1	1	0	0	1	1	1	1	2	2	1	1	2	2	4	1	3	1	2	1	1	1
Streptomyces fradieae CC53 LAB	2	1	3	3	0	4	6	1	3	1	1	2	1	2	1	2	4	0	2	2	1	1	2	3	1	1	3	1	1	2	0	2	3	1	1	1	1	1	1	1	2	1	1	1	1	1	1	2	1	2	1	1	2	1	1	3	1	1	1	3	2	2	1	2	1	1	1	1	1	1	2	1	1	0	0	1	1	1	2	1	4	1	1	1	2	4	0	1	1	1	1	1	1
Streptomyces fulvissimus DSM 40593 NC_021177.1	7	1	2	3	0	2	8	1	4	1	1	3	1	2	2	2	6	2	1	2	1	1	3	3	1	1	5	1	1	2	1	4	5	2	1	1	1	2	1	1	2	1	1	1	1	1	1	2	1	2	1	1	3	1	1	3	1	1	1	3	2	2	1	3	1	1	1	1	2	1	3	1	1	0	0	1	1	1	2	1	6	1	1	1	1	5	1	2	1	1	1	1	1
Streptomyces fulvoviolaceus JOEY01	13	1	3	4	0	5	15	2	5	1	1	2	1	2	2	2	7	2	1	2	1	1	3	9	1	1	7	2	1	2	1	4	5	2	1	3	1	4	1	1	2	3	2	1	1	1	1	2	1	2	1	3	3	1	1	4	1	2	2	6	3	3	1	1	1	1	3	1	2	1	4	1	1	0	1	1	1	1	2	1	6	1	1	1	3	10	1	3	1	2	1	1	2
Streptomyces fulvoviridis JNXH01	5	1	3	2	1	5	7	1	4	1	2	2	1	2	2	2	5	2	1	2	1	1	3	3	1	1	4	1	1	4	1	3	5	2	1	1	1	2	1	2	3	1	1	1	1	0	1	2	1	2	1	1	3	1	1	3	1	1	1	3	2	2	1	1	1	1	1	1	2	1	2	1	1	0	0	1	1	1	2	1	4	1	1	1	2	7	1	3	1	1	1	1	1
Streptomyces galbus JRHJ01	8	1	3	4	0	6	9	1	6	1	1	3	1	2	2	2	5	1	1	2	1	1	3	5	1	1	5	1	1	3	0	3	3	1	1	2	1	3	1	1	3	3	2	1	1	1	1	2	1	3	1	1	2	2	1	4	1	2	2	5	3	3	1	1	1	1	2	1	2	1	4	1	1	0	1	1	1	1	2	0	5	1	1	3	2	7	1	3	1	1	2	2	5
Streptomyces gancidicus BKS 13-15 AOHP01	6	1	3	3	0	3	8	0	5	1	1	3	1	2	1	2	4	3	0	1	1	1	2	2	1	1	4	1	1	2	0	3	4	0	1	2	0	3	1	1	2	2	1	1	1	0	1	2	1	2	1	1	2	1	1	4	1	2	2	6	3	2	1	2	1	1	1	1	2	0	2	1	1	0	0	1	1	1	2	1	4	1	1	1	3	7	2	3	1	1	1	1	1
Streptomyces ghanaensis ATCC 14672 ABYA01	5	1	3	3	1	4	7	2	4	1	1	3	1	2	1	2	5	4	1	2	1	1	2	2	1	1	4	1	1	3	1	4	5	1	1	3	1	3	1	1	2	1	1	1	1	1	1	2	1	3	1	1	2	2	1	4	1	2	2	4	3	2	1	2	1	1	2	1	1	1	3	1	1	0	0	1	1	2	2	2	5	1	1	1	3	7	1	2	1	1	1	1	1
Streptomyces glaucescens strain GLA.O NZ_CP009438.1	3	1	3	3	0	2	10	2	4	1	1	3	1	2	1	2	5	3	2	3	1	1	2	5	1	1	5	1	1	2	1	4	4	1	1	2	1	3	1	1	3	3	1	1	1	1	1	2	1	2	1	1	2	1	1	3	1	1	1	5	3	3	1	3	3	1	1	1	3	3	4	1	1	0	0	1	1	1	3	2	5	1	1	1	3	8	1	2	1	1	1	1	1
Streptomyces Globisporus C-1027 AJUO01	8	1	3	3	0	3	8	1	4	1	1	2	1	2	2	2	4	0	1	2	1	0	3	3	1	1	4	1	1	3	1	5	6	2	1	1	1	2	1	1	2	2	1	1	1	1	1	2	1	2	1	1	3	1	1	4	1	1	1	3	2	2	1	1	1	1	1	1	2	1	5	1	1	1	0	1	1	1	2	1	4	1	1	1	1	5	1	1	1	1	1	1	1
Streptomyces globisporus subsp. globisporus JNZK01	8	1	3	3	0	3	9	1	4	1	1	2	1	2	2	2	4	0	1	2	1	1	3	3	1	1	4	1	1	1	1	3	4	2	1	1	1	2	1	1	2	1	1	1	1	1	1	2	1	2	1	1	3	1	1	3	1	1	1	3	2	2	1	2	1	1	1	1	2	1	5	1	1	0	0	1	1	1	3	2	4	1	1	1	1	5	1	2	1	1	1	1	1
Streptomyces griseoaurantiacus M045 AEYX01	6	1	3	3	0	5	9	2	5	1	1	3	1	2	1	2	4	2	1	2	1	1	2	3	1	1	3	1	1	2	0	3	3	2	1	2	1	3	1	1	3	2	1	1	1	1	1	2	1	4	1	1	2	1	1	3	1	1	1	4	3	2	1	1	1	1	1	1	1	1	3	1	1	0	0	1	1	1	2	1	4	1	1	1	3	4	1	3	2	2	1	1	2
Streptomyces griseoflavus Tu4000 ACFA01	7	1	3	3	0	2	7	1	4	1	2	3	1	2	1	2	4	2	2	2	1	1	2	2	1	1	4	1	1	2	0	3	3	1	1	2	1	3	1	2	2	1	1	1	1	1	1	2	1	2	1	1	2	1	1	3	1	2	1	3	3	2	1	3	1	1	2	1	1	1	3	1	1	0	0	1	0	1	2	1	4	1	1	1	2	6	1	2	1	1	1	1	2
Streptomyces griseofuscus JOFU01	9	1	3	3	0	6	8	0	5	1	1	3	1	2	1	2	6	6	1	2	1	1	2	3	1	1	6	1	2	3	1	5	6	2	3	3	1	3	1	1	4	2	2	1	1	1	1	4	1	2	1	1	5	1	1	3	1	1	1	4	3	3	1	1	2	1	1	1	1	1	3	1	1	0	0	1	2	2	2	1	6	1	1	1	4	8	1	1	1	1	1	1	2
Streptomyces griseolus JOFC01	4	1	3	4	0	3	8	1	4	1	2	2	1	2	3	2	6	2	1	2	1	1	2	4	1	1	4	1	1	2	1	3	3	2	1	1	1	2	1	2	2	1	1	1	1	0	1	2	1	2	1	1	4	1	1	3	1	1	1	3	2	2	1	3	1	1	1	1	2	1	4	1	1	0	0	1	1	1	2	1	6	1	1	1	2	7	1	2	2	2	1	1	1
Streptomyces griseoluteus JOBE01	5	1	2	4	0	4	9	1	4	1	1	3	1	1	2	2	5	2	1	2	1	1	3	3	1	1	4	1	1	2	0	4	5	0	2	1	1	2	1	1	2	1	1	1	1	0	1	2	1	2	1	1	2	1	1	3	1	1	1	4	3	3	1	1	2	1	1	1	2	1	2	1	1	0	0	1	1	1	2	1	5	1	1	1	2	6	1	2	1	1	1	1	1
Streptomyces griseorubens JJMG01	5	1	3	3	0	4	9	2	6	1	1	3	1	2	1	2	4	2	1	2	1	1	2	3	1	1	4	1	1	2	1	4	5	2	1	2	1	4	1	1	2	1	1	1	1	1	1	2	1	2	1	1	2	1	1	3	1	2	2	5	3	2	1	1	1	1	1	1	2	1	2	1	1	0	0	1	1	1	2	1	4	1	1	1	3	7	1	3	1	1	1	1	1
Streptomyces griseus subsp. griseus JOGA01	9	1	3	3	0	3	8	1	4	1	1	2	1	2	2	2	5	1	1	2	1	1	3	3	1	1	5	1	1	3	1	4	4	2	1	1	1	2	1	2	2	1	1	1	1	1	1	2	1	2	1	1	3	1	1	3	1	1	1	3	2	2	1	2	1	1	1	1	2	1	3	1	1	0	0	1	1	1	2	1	5	1	1	1	1	7	1	1	1	1	1	1	1
Streptomyces Griseus Subsp. Griseus JOIT01	7	1	3	3	0	4	8	1	4	1	1	2	1	2	2	2	5	2	1	2	1	1	3	3	1	1	5	1	1	3	1	4	5	2	1	2	1	2	1	1	2	1	1	1	1	1	1	3	1	2	1	1	4	1	1	3	1	1	1	3	2	2	1	1	1	2	1	1	2	1	3	2	1	0	0	1	1	1	2	1	5	1	1	1	1	6	1	1	1	1	1	1	1
Streptomyces griseus subsp. griseus NBRC 13350 NC_010572.1	7	1	3	3	0	4	8	1	4	1	1	2	1	1	2	2	4	1	2	2	1	1	3	3	1	1	4	1	1	3	1	3	4	2	1	1	1	2	1	1	2	1	1	1	1	0	1	2	1	2	1	1	3	1	1	3	1	1	1	3	2	2	1	1	1	1	1	1	2	1	3	1	1	0	0	1	1	1	2	1	4	1	1	1	1	6	1	2	1	1	1	1	1
Streptomyces griseus subsp. rhodochrous JOFE01	7	1	3	3	0	3	8	1	4	1	1	2	1	2	2	2	5	4	1	2	1	1	3	3	1	1	5	1	1	3	1	4	5	2	1	2	1	2	1	1	2	1	1	1	1	1	1	3	1	2	1	1	4	1	1	3	1	1	1	3	2	2	1	1	1	2	1	1	2	1	3	2	1	0	0	1	1	1	2	1	5	1	1	1	1	6	1	1	1	1	1	1	1
Streptomyces griseus XylebKG-1 ADFC02	9	1	3	3	0	4	8	1	4	1	1	3	1	1	2	2	4	1	1	2	1	1	3	4	1	1	4	1	1	3	1	3	4	2	1	1	1	2	1	1	2	1	1	1	1	1	1	2	1	2	1	1	3	1	1	3	1	1	1	3	2	2	1	1	2	1	1	1	2	1	3	1	1	0	0	1	1	1	2	1	4	1	1	1	1	6	1	2	1	1	1	1	1
Streptomyces halstedii JOAZ01	4	1	3	4	0	3	8	1	4	1	2	2	1	2	3	2	6	2	1	2	1	1	2	4	1	1	4	1	1	2	1	3	3	2	1	1	1	2	1	2	2	1	1	1	1	0	1	2	1	2	1	1	4	1	1	3	1	1	1	3	2	2	1	3	1	1	1	1	2	1	4	1	1	0	0	1	2	1	2	1	6	1	1	1	2	7	1	2	2	2	1	1	1
Streptomyces himastatinicus ATCC 53653 ACEX01	14	1	3	3	0	5	6	0	6	1	1	3	1	2	1	2	7	3	1	2	1	1	3	6	1	1	5	2	1	2	0	1	3	2	2	1	0	2	1	3	3	1	1	1	1	1	1	2	1	2	1	1	2	3	1	4	0	1	1	4	3	4	1	2	1	2	2	1	1	1	3	1	1	0	0	1	1	1	1	2	6	2	1	2	3	7	1	3	1	2	2	1	4
Streptomyces hygroscopicus subsp. hygroscopicus JOIK01	6	1	3	3	0	5	10	1	6	1	1	3	1	2	1	2	3	3	2	2	2	1	2	3	1	1	3	1	1	6	0	3	3	2	3	1	1	2	1	2	3	1	1	1	1	1	1	2	1	2	1	2	2	1	1	3	1	2	2	4	3	6	1	2	5	2	1	1	1	1	3	1	1	0	0	1	1	1	2	2	3	1	1	1	2	10	1	3	1	2	1	1	2
Streptomyces hygroscopicus subsp. jinggangensis 5008 NC_017765.1	5	1	3	4	0	5	12	2	5	1	1	5	1	2	1	2	4	4	1	2	1	1	2	3	1	1	5	1	1	4	1	5	6	1	2	3	1	3	1	1	3	2	1	1	1	1	1	2	1	2	1	1	3	1	1	4	1	2	2	4	3	3	1	1	3	1	2	1	1	1	2	1	1	0	0	1	1	3	2	1	4	2	1	1	3	12	1	1	1	2	1	1	1
Streptomyces iakyrus JNXI01	7	1	3	4	0	5	9	2	6	1	1	3	1	2	1	2	4	0	1	2	2	1	2	4	1	1	3	1	1	3	0	3	4	1	1	3	1	3	1	1	3	2	1	1	1	1	1	2	1	3	1	1	3	1	1	4	1	2	2	5	3	2	1	2	1	1	2	1	1	1	3	1	1	0	0	1	1	1	2	1	4	1	1	2	3	9	1	2	1	1	1	1	2
Streptomyces incarnatus strain NRRL 8089 CP011497.1	6	1	3	4	0	3	10	2	5	1	1	3	1	2	1	2	4	3	3	4	1	1	2	4	1	1	3	2	1	2	0	3	4	1	1	2	1	3	1	1	3	2	2	1	1	1	1	2	1	3	1	1	3	1	1	3	1	1	1	5	3	3	1	1	1	1	2	1	2	1	2	1	1	0	0	1	1	1	2	1	4	1	1	1	2	9	1	2	1	2	1	1	1
Streptomyces Ipomoeae 91-03 AEJC01	5	1	3	3	0	6	11	2	5	1	1	2	1	2	2	2	5	2	1	2	1	1	3	4	1	1	5	1	1	1	0	3	4	1	1	2	1	3	1	1	3	3	1	1	1	1	1	2	1	2	2	1	2	2	1	5	1	2	2	5	3	3	1	3	1	2	3	1	2	1	4	1	1	0	1	1	1	1	2	1	5	1	1	1	2	8	1	3	1	1	1	1	3
Streptomyces jumonjinensis MU LAB	5	1	3	3	0	3	7	1	4	1	1	4	1	1	1	2	4	1	1	2	1	1	3	2	1	1	4	1	1	4	1	3	3	2	1	1	1	2	1	1	2	1	1	1	1	1	1	2	1	2	1	1	3	1	1	4	1	1	1	4	3	2	1	1	1	1	1	1	1	1	3	1	1	1	0	1	1	1	3	3	4	1	1	1	4	5	1	2	1	1	1	1	1
Streptomyces katrae JNZY01	5	1	3	3	0	3	6	1	5	1	1	2	1	2	1	2	3	2	1	2	1	1	3	3	1	1	3	1	2	3	0	2	2	1	1	2	1	3	1	1	1	1	1	1	1	1	1	2	1	4	1	1	3	1	1	4	1	1	1	5	3	3	1	3	2	2	1	1	2	1	3	1	1	0	1	1	1	1	1	1	3	1	1	1	2	9	1	1	1	2	1	0	2
Streptomyces katsurahamenas MU LAB	4	1	3	3	0	3	7	1	4	1	1	3	1	1	1	2	2	1	1	2	1	1	3	2	1	1	2	1	1	4	1	2	2	2	1	1	1	1	1	2	2	1	1	1	1	1	1	2	1	2	2	1	3	1	1	4	1	1	1	4	2	2	1	1	1	1	1	1	1	1	3	1	1	0	0	1	1	1	2	3	2	1	1	1	4	5	1	2	1	1	1	1	1
Streptomyces lavendulae subsp. lavendulae JOBU01	4	1	3	4	0	4	6	1	6	1	1	4	1	2	2	2	4	1	2	2	1	1	3	3	1	1	4	1	1	2	0	2	2	2	1	1	1	2	1	1	1	1	1	1	1	1	1	2	1	2	1	1	3	2	1	4	1	1	1	4	3	2	1	2	1	1	1	1	1	1	3	1	1	0	1	1	1	1	1	1	4	1	1	1	2	8	1	1	1	1	2	1	2
Streptomyces lavenduligriseus JOBD01	7	1	3	3	0	5	10	2	5	1	1	3	1	2	1	2	4	4	1	2	1	1	2	4	1	1	4	1	1	5	1	4	4	1	1	2	1	3	1	1	4	2	1	1	1	1	1	2	1	4	1	1	3	2	1	3	1	1	1	4	3	3	1	3	3	1	2	2	3	0	4	2	1	0	0	1	1	2	2	2	4	1	1	1	4	10	2	3	1	2	1	1	1
Streptomyces leeuwenhoekii AZSD01	4	1	3	3	0	3	8	1	4	1	1	3	1	2	1	2	5	3	1	2	1	1	2	3	1	1	4	1	1	2	1	4	5	1	1	2	1	2	1	1	3	2	2	1	1	1	1	2	1	2	1	1	2	1	1	4	1	1	1	4	3	3	1	3	3	2	2	1	1	1	2	1	1	0	0	1	1	1	2	1	5	1	1	2	3	8	1	2	1	2	1	1	1
Streptomyces leeuwenhoekii C34 NZ_LN831790.1	4	1	3	3	0	3	10	2	4	1	1	3	1	2	1	2	5	3	1	2	1	1	2	3	1	1	4	1	1	2	1	4	5	1	1	2	1	2	1	1	3	2	2	1	1	1	1	2	1	2	1	1	2	1	1	5	1	1	1	4	3	3	1	3	3	2	2	1	1	1	2	2	1	0	0	1	1	1	2	1	5	1	1	2	3	9	1	2	1	2	1	1	1
Streptomyces lilacinus JNXU01	4	1	2	2	0	4	3	1	3	0	1	2	1	2	2	2	2	1	1	2	2	1	2	2	1	1	2	1	1	3	0	1	2	1	2	2	0	2	1	1	1	1	1	1	1	1	1	1	1	2	1	1	3	0	2	3	1	1	1	3	2	2	1	2	1	1	1	1	1	1	2	2	1	0	1	2	1	1	1	0	2	1	2	1	2	3	1	1	1	1	1	1	1
Streptomyces lividans 1326 APVM01	10	1	3	3	0	4	8	2	4	1	2	3	1	2	2	2	5	1	1	2	1	1	2	3	1	1	5	1	1	3	0	3	5	1	1	3	1	3	1	2	3	2	2	1	1	1	1	2	1	2	1	1	3	1	1	4	1	2	2	5	3	2	1	2	1	1	1	1	2	1	4	2	1	0	0	2	1	1	2	1	5	1	2	2	3	8	1	4	1	1	1	1	1
Streptomyces lividans TK24 NZ_CP009124.1	10	1	3	3	0	2	8	2	5	1	2	3	1	2	2	2	5	1	1	2	1	1	2	3	1	1	5	1	1	3	0	3	5	1	1	3	1	3	1	2	3	2	2	1	1	1	1	2	1	2	1	1	3	1	1	4	1	2	2	5	3	2	1	2	1	1	1	1	1	1	4	2	1	0	0	2	1	1	2	2	5	1	2	2	3	8	2	4	1	1	1	1	1
Streptomyces lydicus A02 NZ_CP007699.1	6	1	3	3	0	7	7	1	3	1	1	2	1	2	2	2	6	5	1	2	1	1	2	3	1	1	4	1	1	2	0	2	4	2	1	1	1	1	1	1	1	1	1	1	1	1	1	2	1	2	1	1	2	1	2	3	1	1	1	5	3	3	1	2	1	1	1	1	1	1	3	1	1	0	0	1	1	1	3	1	6	1	1	1	2	5	1	1	1	1	1	1	1
Streptomyces lydicus NRRL ISP-5461 JNZA01	6	1	3	4	0	3	7	1	4	1	1	2	1	1	2	2	5	1	1	2	1	1	2	5	1	1	5	1	1	3	0	2	4	2	1	1	1	2	1	1	1	1	1	1	1	1	1	2	1	2	1	1	3	1	1	3	1	1	1	5	3	3	1	1	1	1	1	1	1	1	3	1	1	0	0	1	1	1	2	2	5	1	1	1	3	9	1	1	1	2	1	1	1
Streptomyces mauvecolor LAB	5	1	3	4	0	5	7	1	5	1	1	3	1	1	1	2	3	3	1	2	1	1	2	4	1	1	3	1	1	2	0	3	4	2	1	1	1	2	1	1	2	1	1	1	1	1	1	2	1	2	1	1	3	1	1	3	1	2	2	6	3	2	1	2	1	1	1	1	1	1	4	3	1	0	1	2	1	2	2	1	3	1	2	1	2	9	1	2	1	2	1	1	1
Streptomyces mediolani JOJK01	8	1	3	3	0	5	8	1	4	1	1	2	1	2	2	2	4	0	1	2	1	1	3	4	1	1	4	1	1	2	1	3	4	2	1	1	1	2	1	1	2	2	1	1	1	1	1	2	1	2	1	1	3	1	1	3	1	1	1	3	2	2	1	2	1	1	1	1	2	1	5	1	1	0	0	1	1	1	3	2	4	1	1	1	1	7	1	2	1	1	1	1	2
Streptomyces megasporus JODL01	3	1	3	2	0	3	7	1	3	1	1	1	1	2	1	2	4	1	1	2	1	1	2	3	1	1	3	1	1	2	1	2	3	1	1	2	1	1	1	1	2	1	1	1	1	1	1	2	1	2	2	1	2	1	1	3	1	1	1	2	1	2	1	1	1	0	1	1	1	1	2	1	1	0	0	1	2	1	2	1	4	1	1	1	1	4	1	2	1	1	1	1	1
Streptomyces mirabilis JQLE01	11	1	3	4	0	3	12	2	6	1	1	4	1	2	3	2	5	2	1	2	1	1	2	3	1	1	6	1	1	2	0	3	4	1	1	2	1	5	1	1	4	3	2	1	1	1	1	2	1	4	2	2	3	1	1	5	1	2	2	4	3	4	1	2	2	2	2	1	2	1	3	1	1	0	0	1	1	1	2	2	5	1	1	2	4	14	1	3	1	1	2	1	2
Streptomyces mobaraensis NBRC 13819 = DSM 40847 AORZ01	6	1	3	2	0	3	6	1	5	1	1	2	1	2	1	2	5	4	1	1	1	1	3	4	1	1	4	1	1	2	0	2	5	2	1	1	1	1	1	1	1	2	1	1	1	1	1	2	1	3	1	1	2	1	1	3	1	1	1	4	3	2	1	1	1	1	1	1	1	1	4	0	1	0	0	1	1	1	1	1	3	1	1	1	2	5	2	1	2	1	2	1	3
Streptomyces monomycini JNYL01	7	1	3	3	0	9	8	1	5	1	2	2	1	2	1	2	5	5	1	2	1	1	2	3	1	1	5	1	1	3	0	3	5	2	1	1	1	1	1	2	2	1	1	1	1	1	1	2	1	3	2	1	4	1	2	3	1	1	1	4	3	2	1	1	2	1	1	1	1	1	4	1	1	0	0	1	1	1	2	2	5	1	1	1	3	6	1	1	1	1	1	1	1
Streptomyces mutabilis JNFQ01	5	1	3	3	0	3	9	2	5	1	1	3	1	2	1	2	4	0	1	2	1	1	2	5	1	1	5	1	1	2	0	3	4	1	1	2	1	4	2	2	4	2	2	1	1	1	1	2	1	2	1	1	3	1	1	3	1	2	2	4	3	2	1	2	1	1	2	1	1	1	2	1	1	0	0	1	2	1	2	1	4	1	1	1	3	7	1	2	1	1	1	1	2
Streptomyces natalensis JNYF01	6	1	1	2	0	4	4	1	3	1	1	2	1	2	2	2	7	1	2	1	2	1	2	2	1	1	5	1	1	2	0	4	4	2	2	1	0	1	1	1	1	1	1	1	1	1	1	2	1	2	1	1	3	1	2	2	1	1	1	2	3	2	1	2	1	1	1	1	1	1	2	2	1	0	0	2	1	1	2	1	7	1	2	1	2	6	1	1	1	1	2	2	1
Streptomyces niger JOFQ01	6	1	3	3	0	5	11	1	5	1	2	2	1	2	2	2	6	4	1	2	1	1	2	3	1	1	6	1	1	4	0	2	4	2	1	1	1	2	1	2	2	2	1	1	1	1	1	2	1	2	1	3	2	1	1	4	1	1	1	4	3	3	1	3	2	1	2	1	1	2	3	1	1	0	0	1	1	1	2	1	6	1	1	2	2	9	1	3	1	1	1	1	1
Streptomyces nigrescens ATCC 23941 LAB	6	1	3	6	0	7	8	1	5	1	1	2	1	2	1	2	4	1	1	2	1	1	2	2	1	1	3	1	1	4	0	4	6	2	1	1	1	1	1	1	1	1	1	1	1	1	1	2	1	2	1	1	3	1	1	3	1	1	1	5	3	3	1	1	1	1	1	1	1	1	3	1	1	0	0	1	2	1	2	1	4	1	1	1	2	6	0	1	1	2	1	1	1
Streptomyces niveus NCIMB 11891 NZ_CM002280.1	9	1	3	1	0	3	11	1	4	1	1	2	1	2	2	2	4	1	1	2	1	1	2	3	1	1	4	1	1	2	0	3	4	2	1	2	1	2	1	1	3	1	1	1	1	1	1	2	1	2	1	1	2	1	1	3	1	2	2	3	3	2	1	2	1	1	1	1	1	1	3	1	1	0	1	1	1	1	2	2	4	1	1	1	5	6	1	3	1	1	1	1	1
Streptomyces nodosus strain ATCC 14899 NZ_CP009313.1	3	1	3	3	0	5	11	1	5	1	1	3	1	2	2	2	5	2	1	2	1	1	2	2	1	1	3	1	1	2	0	3	3	2	1	4	1	4	1	1	2	1	1	1	1	1	1	2	1	2	1	1	2	1	1	3	1	1	1	3	2	4	1	1	1	1	1	1	1	1	3	1	1	0	1	1	1	1	2	1	4	2	1	1	2	7	1	2	1	1	1	1	1
Streptomyces novaecaesareae JNWQ01	3	1	3	3	0	3	8	1	4	1	1	2	1	2	1	2	6	5	2	2	1	1	2	3	1	1	6	1	1	3	0	2	2	2	1	1	1	1	1	1	2	1	1	1	1	1	1	2	1	3	1	1	2	2	1	3	1	1	1	4	2	3	1	1	1	1	1	1	2	1	3	1	1	0	0	1	1	1	1	1	6	1	1	1	3	3	1	1	2	2	1	1	1
Streptomyces ochraceiscleroticus JOAX01	7	1	3	3	0	7	10	1	5	1	2	2	1	2	1	2	7	3	2	2	2	1	2	4	1	1	7	1	1	1	0	5	7	1	1	1	1	1	1	2	3	1	1	1	1	1	1	2	1	2	1	3	2	2	1	3	1	2	2	5	3	3	1	2	1	1	2	1	2	1	3	1	1	0	0	1	1	1	2	1	7	2	1	2	2	11	1	3	1	1	1	1	5
Streptomyces olindensis JJOH01	7	1	3	4	0	4	9	2	6	1	1	3	1	2	2	3	5	0	1	2	2	1	2	4	1	1	3	1	1	3	0	3	4	1	1	2	1	3	1	1	3	2	1	1	1	1	1	2	1	2	1	1	3	1	1	4	1	2	2	5	3	5	1	1	2	1	2	1	1	1	4	1	1	0	0	1	1	1	2	1	5	1	1	2	4	10	1	3	1	1	1	1	4
Streptomyces olivaceus JNWM01	5	1	3	2	1	5	7	1	4	1	2	2	1	2	2	2	5	2	1	2	1	1	3	3	1	1	4	1	1	4	1	3	5	2	1	1	1	2	1	2	3	1	1	1	1	0	1	2	1	2	1	1	3	1	1	3	1	1	1	3	2	2	1	1	1	1	1	1	2	1	2	1	1	0	0	1	1	1	2	1	4	1	1	1	2	7	1	3	1	1	1	1	1
Streptomyces Olivaceus JOFH01	8	1	3	3	0	4	10	2	5	1	2	4	1	2	1	2	4	2	1	2	1	1	2	3	1	1	4	1	1	2	1	3	4	2	3	2	1	4	1	2	3	2	1	1	1	1	1	2	1	2	1	3	2	1	1	3	1	2	2	4	3	2	1	1	3	1	2	1	1	1	6	1	1	0	0	1	1	1	1	1	4	1	1	1	3	8	1	3	1	1	1	1	1
Streptomyces peruviensis JOAT01	6	1	3	3	0	5	8	2	4	1	1	3	1	2	1	1	4	3	1	2	1	1	2	2	1	1	4	1	1	1	0	3	5	1	2	2	1	1	1	1	3	3	2	1	1	1	1	2	1	2	1	0	3	1	0	3	1	2	2	3	3	3	1	1	2	1	2	0	2	1	5	1	1	0	0	2	1	1	2	1	4	0	1	1	4	5	1	3	1	1	1	1	1
Streptomyces peucetius JOCK01	7	1	3	3	1	11	9	1	5	1	2	3	1	2	2	2	6	6	2	3	1	1	2	6	1	1	6	1	1	4	0	3	4	2	1	1	1	1	1	2	2	1	1	1	1	1	1	2	1	2	1	1	4	1	2	4	1	1	1	4	3	2	1	2	2	1	1	1	1	1	4	2	1	0	0	2	1	1	2	2	6	1	2	1	4	8	1	1	1	2	2	2	2
Streptomyces phaeofaciens CC34 LAB	7	1	3	3	0	3	12	1	5	1	1	4	1	3	1	2	5	0	1	2	1	1	2	4	1	1	6	1	1	2	0	3	3	2	2	2	1	2	1	0	3	2	2	1	1	1	1	2	1	4	1	1	2	1	1	4	1	2	2	4	2	2	1	2	1	1	2	1	2	1	5	1	1	0	0	1	1	1	2	1	5	1	1	1	4	7	1	2	1	1	1	1	1
Streptomyces pluripotens JTDH01	3	1	3	3	1	7	10	2	3	1	1	4	1	2	2	2	6	3	1	2	1	1	2	3	1	1	5	1	1	2	0	3	3	1	1	3	1	4	1	1	3	1	1	1	1	1	1	2	1	5	1	1	3	1	1	4	1	1	1	4	3	2	1	3	1	1	1	1	1	1	3	1	1	0	0	1	1	1	2	1	6	1	1	1	3	6	1	1	1	1	1	1	1
Streptomyces pratensis ATCC 33331 NC_016114.1	5	1	3	2	1	5	7	1	4	1	2	2	1	2	2	2	5	2	1	2	1	1	3	3	1	1	4	1	1	4	1	3	5	2	1	1	1	2	1	2	3	1	1	1	1	0	1	2	1	2	1	1	3	1	1	3	1	1	1	3	2	2	1	1	1	1	1	1	2	1	2	1	1	0	0	1	1	1	2	1	4	1	1	1	2	7	1	3	1	1	1	1	1
Streptomyces pristinaespiralis ATCC 25486 NZ_CM000950.1	6	1	3	3	0	2	4	1	4	1	1	2	1	1	2	2	3	1	2	3	1	1	3	3	1	1	2	1	1	1	0	2	3	2	1	3	1	2	1	1	2	1	1	1	1	0	1	1	1	2	1	1	2	1	2	3	1	2	1	4	2	2	1	1	1	1	1	1	1	1	2	1	1	1	0	1	1	1	2	1	3	1	1	1	1	7	1	2	1	1	1	1	2
Streptomyces prunicolor NBRC 13075 BARF01	9	1	3	4	0	3	13	1	5	1	1	4	1	3	3	2	6	3	1	2	1	1	2	3	1	1	5	1	1	1	2	5	6	2	1	2	1	4	1	1	3	2	2	1	1	1	1	2	1	3	1	2	3	2	2	4	1	2	2	4	3	3	1	1	1	2	3	1	2	1	3	1	1	0	0	1	3	1	2	1	6	1	1	1	3	13	1	2	1	1	2	1	1
Streptomyces puniceus JOFA01	7	1	3	3	0	4	8	1	4	1	1	2	1	2	2	2	5	2	1	2	1	1	4	3	1	1	5	1	1	3	1	4	5	2	1	2	1	2	1	1	2	1	1	1	1	1	1	3	1	2	1	1	4	1	1	3	1	1	1	3	2	2	1	1	1	2	1	1	2	1	2	2	1	0	0	1	1	1	2	1	5	1	1	1	1	6	1	1	1	1	1	1	1
Streptomyces purpeochromogenes JOBG01	7	1	3	3	0	5	8	1	4	1	1	2	1	2	2	2	5	2	1	2	1	1	3	3	1	1	5	1	1	3	1	4	5	2	1	2	1	2	1	1	2	1	1	1	1	1	1	3	1	2	1	1	4	1	1	3	1	1	1	3	2	2	1	1	1	2	1	1	2	1	3	2	1	0	0	1	1	1	2	1	5	1	1	1	1	6	1	1	1	1	1	1	1
Streptomyces purpeofuscus JODS01	6	1	3	3	0	3	9	1	2	1	1	3	1	2	1	2	4	4	1	2	1	1	2	4	1	1	5	1	1	3	0	2	2	2	1	1	1	1	1	1	2	2	1	1	1	1	1	2	1	2	1	1	3	1	1	3	1	1	1	3	2	2	1	5	3	2	1	1	2	1	3	1	1	0	1	1	1	2	1	1	4	1	1	1	3	6	1	1	1	1	1	1	1
Streptomyces purpureus KA281 ARAD01	3	1	3	3	0	4	8	1	4	1	1	2	1	1	2	2	4	3	1	2	1	1	3	3	1	1	2	1	1	3	0	3	5	2	1	1	1	1	1	1	1	1	1	1	1	1	1	2	1	3	1	1	2	1	2	3	1	1	1	4	3	3	1	6	3	3	2	2	3	2	3	1	1	0	1	1	1	1	2	1	4	1	1	1	2	7	1	1	1	1	1	1	1
Streptomyces pyridomyceticus JOAY01	3	1	3	3	0	3	7	0	3	1	1	2	1	2	1	2	5	3	2	2	1	1	2	3	1	1	5	1	1	3	0	1	1	2	1	1	1	1	1	1	2	1	1	1	1	1	1	2	1	3	1	1	2	2	1	3	1	1	1	4	2	2	1	1	1	1	1	1	2	1	3	1	1	0	0	1	1	1	1	1	5	1	1	1	3	3	1	1	1	2	1	1	1
Streptomyces rapamycinicus NRRL 5491 CP006567.1	10	1	3	4	0	4	12	1	5	1	1	4	1	2	1	2	5	3	1	2	1	1	3	4	1	1	6	2	1	4	0	3	5	2	2	3	1	3	1	3	4	1	1	1	1	1	1	2	1	5	1	1	2	2	1	4	2	2	2	4	3	5	1	3	2	3	2	1	2	1	6	1	1	0	0	1	1	1	2	3	5	1	1	1	3	13	1	6	1	1	2	1	3
Streptomyces Resistomycificus JOBA01	10	1	3	2	0	3	9	0	5	1	1	3	1	2	2	3	6	2	1	2	1	1	2	4	1	1	6	1	1	2	0	2	3	1	1	2	1	5	1	1	1	3	3	1	1	1	1	2	1	1	1	1	3	1	1	3	1	1	2	3	3	2	1	1	1	1	2	1	2	1	2	0	1	0	1	1	1	1	2	1	6	1	1	1	4	8	1	3	0	1	0	1	1
Streptomyces rimosus JMGX01	5	1	3	3	1	9	8	1	5	1	2	1	1	2	2	2	6	4	1	2	1	1	2	6	1	1	6	1	1	4	0	3	4	2	1	1	1	1	1	2	2	1	1	1	1	1	1	2	1	2	1	1	3	1	2	3	1	1	1	4	3	2	1	2	1	1	1	1	1	1	4	2	1	0	0	2	1	1	2	2	6	1	2	1	2	8	1	1	1	2	2	2	1
Streptomyces rimosus R6-500 JJNO01	5	1	3	3	1	9	8	1	5	1	2	1	1	2	2	2	6	6	2	3	1	1	2	6	1	1	6	1	1	4	0	3	4	2	1	1	1	1	1	2	2	1	1	1	1	1	1	2	1	2	1	1	4	1	2	3	1	1	1	4	3	2	1	2	1	1	1	1	1	1	4	2	1	0	0	2	1	1	2	2	6	1	2	1	2	8	1	1	1	2	2	2	1
Streptomyces rochei CC36 LAB	6	1	3	3	1	5	8	1	5	1	3	4	1	2	2	2	4	0	1	2	1	1	2	4	1	1	5	1	1	2	1	4	5	1	1	3	1	2	1	2	3	2	2	1	1	1	1	2	1	2	1	1	2	1	1	3	1	2	2	5	3	2	1	2	1	1	2	1	1	1	5	2	1	0	0	2	1	1	2	2	4	1	2	1	3	9	1	2	1	1	1	1	1
Streptomyces rochei CC48 LAB	6	1	3	3	1	5	7	2	5	1	2	4	1	2	2	2	4	0	1	2	1	1	2	4	1	1	5	1	1	1	1	4	5	1	1	2	1	3	1	2	2	2	2	1	1	1	1	2	1	2	1	1	2	1	1	3	1	2	2	4	3	2	1	2	1	1	2	1	1	1	5	1	1	0	0	2	1	1	2	2	4	1	2	1	3	8	1	2	1	1	1	1	1
Streptomyces rochei CC71 LAB	6	1	3	3	1	5	7	2	4	1	3	4	1	2	2	2	4	0	1	2	1	1	2	4	1	1	5	1	1	2	1	4	5	1	1	1	1	1	1	2	2	2	2	1	1	1	1	2	1	2	1	1	2	1	1	3	1	2	2	5	3	2	1	2	1	1	2	1	1	1	5	2	1	0	0	2	1	1	2	2	4	1	2	1	2	9	1	2	1	1	1	1	1
Streptomyces roseochromogenes subsp. oscitans DS 12.976 NZ_CM002285.1	6	1	3	5	0	6	11	2	6	1	1	3	1	2	2	2	6	2	1	2	1	1	2	3	1	1	5	2	1	3	0	3	3	3	1	2	1	3	1	1	3	2	2	1	1	1	1	2	1	2	1	1	3	1	1	4	1	2	2	5	3	3	1	2	1	1	2	1	1	1	4	2	1	0	0	1	1	1	2	3	6	1	1	1	3	10	1	2	1	2	1	1	1
Streptomyces Roseosporus Nrrl 11379 ABYX02	10	1	3	3	0	4	5	1	3	1	1	2	1	2	1	2	5	0	1	2	1	1	3	4	1	1	4	1	1	3	0	2	3	2	2	3	1	2	1	1	2	1	1	1	1	1	1	2	1	2	1	1	4	2	1	3	1	1	1	3	2	2	1	1	2	1	1	1	2	1	2	1	1	0	0	1	1	1	2	1	5	1	1	1	1	5	1	2	1	1	1	1	2
Streptomyces roseoverticillatus JOFL01	5	1	3	2	1	3	6	1	3	1	1	2	2	2	1	2	3	3	2	2	1	1	2	2	1	1	3	1	1	3	0	2	3	2	1	1	1	2	1	1	1	4	1	1	1	1	1	2	1	2	1	1	3	1	2	3	1	1	1	4	3	3	1	2	3	1	1	1	1	1	4	1	1	0	0	1	1	1	1	1	3	1	1	1	3	7	1	1	1	2	1	1	1
Streptomyces roseus LAB	4	1	3	3	1	4	5	1	5	1	1	2	1	2	1	2	3	2	2	3	1	1	3	3	1	1	4	1	1	4	0	2	2	2	2	2	1	3	1	1	2	2	1	2	1	1	1	2	1	2	1	1	4	2	1	3	1	1	1	4	3	3	1	2	2	1	1	1	1	1	3	2	1	0	1	2	1	2	1	1	3	1	2	2	3	6	1	1	1	1	1	1	1
Streptomyces ruber JOAQ01	7	1	3	3	0	3	10	1	4	1	1	3	1	2	2	2	5	2	1	2	1	1	3	4	1	1	6	1	1	3	0	2	3	2	1	1	1	2	1	1	1	1	1	1	1	1	1	2	1	4	1	1	4	2	1	3	1	2	2	4	3	2	1	2	1	1	1	1	2	1	6	2	1	0	0	1	1	1	2	1	5	1	1	1	2	7	1	2	1	2	2	2	2
Streptomyces scabiei NCPPB 4066 JPPW01	5	1	3	3	0	7	9	1	5	1	1	4	1	2	1	2	6	2	1	2	2	1	3	5	1	1	6	1	1	2	1	4	5	1	1	2	1	2	1	1	2	2	2	1	1	1	1	2	1	3	1	2	2	1	1	4	0	2	2	4	3	4	1	3	1	1	3	1	1	1	5	1	1	0	1	1	1	1	2	1	6	1	1	2	3	8	1	3	1	1	1	1	1
Streptomyces scabiei sp 87.22 NC_013929.1	5	1	3	4	0	7	9	1	5	1	1	4	1	2	1	2	5	2	1	2	2	1	3	5	1	1	5	1	1	2	1	4	4	1	1	2	1	3	1	1	2	2	2	1	1	1	1	2	1	3	1	2	2	1	1	4	1	2	2	5	3	5	1	3	1	1	3	1	1	1	5	1	1	0	1	1	1	1	2	1	5	1	1	2	3	8	1	3	1	1	1	1	2
Streptomyces scabrisporus DSM 41855 ARCJ01	8	1	3	3	0	4	9	0	1	1	1	2	1	2	2	1	6	3	1	1	1	1	2	5	1	1	7	1	1	3	1	5	6	2	2	1	1	2	1	1	1	1	2	1	1	1	1	2	1	3	1	1	4	3	1	3	1	1	1	4	3	3	1	2	2	1	1	1	2	2	4	1	1	0	0	1	1	1	1	1	6	1	1	1	4	5	1	2	1	2	3	1	3
Streptomyces sclerotialus JODX01	2	1	3	3	0	4	8	0	5	1	1	3	1	2	1	2	4	1	1	2	1	1	2	3	1	1	4	1	1	2	0	2	3	0	1	2	1	1	1	1	3	2	1	1	1	0	1	2	1	2	1	1	2	1	1	3	1	3	2	4	2	2	1	1	1	1	2	1	1	1	2	1	1	0	0	1	1	1	2	1	4	1	1	1	1	8	1	3	1	1	1	1	2
Streptomyces scopuliridis RB72 JOEI01	9	1	3	2	0	6	9	1	5	1	1	3	1	1	1	2	4	3	1	2	1	1	3	3	1	1	4	1	1	1	1	3	3	2	1	1	1	2	1	1	3	1	1	1	1	1	1	2	1	2	1	1	3	1	1	3	1	2	2	4	3	4	1	1	1	1	1	1	1	1	2	1	1	1	0	1	1	1	2	1	4	1	1	1	2	12	1	2	1	1	1	1	3
Streptomyces seoulensis JNXP01	2	1	3	3	0	3	8	0	5	1	1	3	1	2	1	2	4	2	1	2	1	1	2	2	1	1	3	1	1	1	1	4	4	2	2	3	1	3	1	1	3	3	2	1	1	1	1	2	1	3	1	1	3	1	1	4	1	1	1	3	2	2	1	2	1	1	1	1	1	1	3	1	1	0	0	1	1	1	1	1	4	1	1	1	2	5	1	1	2	1	1	1	1
Streptomyces somaliensis DSM 40738 AJJM01	4	1	3	2	0	2	4	1	1	1	1	2	1	2	1	1	4	1	1	1	1	1	2	3	1	1	3	1	1	1	0	2	4	0	1	1	1	1	1	1	3	1	2	1	1	1	1	2	1	2	1	1	2	1	1	2	1	1	1	2	2	2	1	1	1	1	1	1	1	1	2	1	1	0	0	1	1	1	1	1	4	1	1	1	1	2	1	1	1	1	1	1	1
Streptomyces sp. 142MFCol31 AUKV01	8	1	3	3	0	6	11	1	6	1	1	4	1	2	1	2	5	3	1	2	1	1	3	4	1	1	3	1	1	1	0	3	4	1	1	3	1	2	1	1	3	4	2	1	1	1	1	2	1	2	1	1	4	1	1	4	2	2	2	6	3	2	1	2	1	1	1	1	2	1	2	1	1	0	0	1	1	1	2	1	4	2	1	1	2	11	1	4	1	1	1	1	1
Streptomyces sp. 150FB JTHL01	8	1	2	3	1	5	10	1	3	1	1	1	1	4	2	2	5	3	1	2	1	1	3	4	1	1	5	1	1	3	0	2	2	3	1	1	1	2	1	2	2	1	2	1	1	0	1	2	1	2	1	1	2	2	2	3	1	2	2	4	3	2	1	3	3	2	0	1	3	1	3	1	1	0	0	1	1	1	2	1	5	1	1	1	4	8	1	2	1	1	5	1	2
Streptomyces sp. 303MFCol52 ARTR01	5	1	3	3	0	4	10	2	5	1	1	4	1	2	1	2	4	2	1	2	1	1	2	4	1	1	4	1	1	3	0	3	4	2	1	2	1	4	1	1	3	2	2	1	1	1	1	2	1	3	1	2	3	1	1	4	1	2	2	5	3	3	1	2	3	1	2	1	2	1	3	1	1	0	0	1	1	1	2	1	4	1	1	1	3	10	1	2	1	1	1	1	2
Streptomyces sp. 351MFTsu5.1 ARTS01	5	1	3	4	0	2	12	2	6	1	1	4	1	2	1	2	5	2	1	2	1	1	2	4	1	1	5	1	1	2	1	4	4	0	1	2	1	3	1	1	3	2	1	1	1	1	1	2	1	2	1	2	3	1	1	5	1	2	2	5	3	4	1	2	1	1	2	1	2	1	3	1	1	0	1	1	1	1	2	1	5	2	1	2	3	11	0	3	1	1	1	1	2
Streptomyces sp. 769 NZ_CP003987.1	4	1	3	3	0	7	6	1	4	1	1	2	1	2	1	2	4	5	2	3	1	1	2	3	1	1	4	1	1	3	0	2	2	2	1	1	1	1	1	1	2	1	1	1	1	1	1	2	1	2	1	1	2	1	2	3	1	1	1	4	3	3	1	2	1	1	1	1	1	1	4	2	1	0	0	2	1	1	2	2	4	1	2	1	2	6	1	1	2	4	2	2	1
Streptomyces sp. AA0539 ALNP01	4	1	3	2	1	3	8	1	2	1	2	1	1	2	2	2	3	1	1	1	1	1	2	3	1	1	3	1	1	3	0	2	2	2	1	1	1	2	1	2	3	1	1	1	1	1	1	2	1	3	2	1	1	2	1	3	1	1	1	3	2	2	1	2	2	1	1	1	1	1	3	1	1	0	0	1	1	2	0	1	3	1	1	1	1	4	1	2	1	1	1	1	1
Streptomyces sp. AA1529 ALAP01	5	1	3	1	0	4	7	1	3	1	1	3	1	2	1	2	4	3	1	1	1	1	3	3	1	1	4	1	1	2	0	2	3	2	1	1	1	2	1	3	1	1	1	1	1	1	1	2	1	2	1	1	2	2	1	3	1	1	1	4	3	2	1	1	1	1	1	1	1	1	2	1	1	0	0	1	1	1	2	1	4	1	1	1	2	4	1	1	3	1	1	1	1
Streptomyces sp. AA4 ACEV01	6	1	3	2	0	4	4	0	2	1	1	1	1	2	2	1	5	2	1	1	1	1	2	2	1	1	4	2	1	2	2	6	5	2	1	1	1	1	2	2	1	1	2	1	1	1	1	2	1	4	1	3	2	2	1	3	1	1	1	4	3	3	1	2	2	1	2	1	1	1	5	0	1	0	0	1	2	3	0	1	4	1	1	2	5	14	1	5	1	2	2	1	2
Streptomyces sp. AcH 505 JTIY01	8	1	2	2	0	4	10	1	4	1	1	2	1	2	2	3	4	1	1	2	1	1	4	3	1	1	3	1	1	2	1	3	4	2	1	1	1	2	1	1	3	2	2	1	1	0	1	2	1	2	1	0	3	1	1	3	1	2	2	5	3	3	1	3	1	1	1	1	2	1	3	1	1	0	0	2	1	1	2	2	4	1	2	2	2	12	1	3	1	1	1	1	1
Streptomyces sp. Amel2xE9 ARPE01	6	1	3	3	0	5	7	1	5	1	1	3	1	2	2	2	4	2	1	2	1	1	3	2	1	1	3	1	1	3	1	4	5	2	1	2	1	3	1	1	4	2	2	1	1	1	1	2	1	2	1	1	4	1	1	3	1	1	1	3	2	2	1	2	2	2	1	1	1	1	4	1	1	0	0	1	1	1	2	2	4	1	1	1	2	7	1	1	1	1	1	1	1
Streptomyces sp. ATexAB-D23 AREH01	5	1	3	2	0	3	10	1	3	1	1	3	1	2	2	2	5	0	1	2	1	1	3	4	1	1	4	1	1	2	0	2	3	2	1	2	1	2	1	1	2	1	1	1	1	0	1	2	1	2	1	1	3	1	1	3	1	1	1	3	2	2	1	2	1	1	1	1	2	1	4	1	1	0	0	1	1	1	2	1	4	1	1	1	1	7	1	2	3	3	1	1	1
Streptomyces Sp. Aw19m42 CBRG01	9	1	3	3	0	4	10	1	3	1	1	3	1	2	2	2	4	1	1	2	1	1	3	4	1	1	4	1	1	2	1	3	4	1	2	1	1	2	1	1	2	2	1	1	1	1	1	2	1	2	1	1	4	2	1	3	2	1	1	3	2	2	1	3	1	1	1	1	2	1	3	1	1	0	0	1	1	2	2	1	4	1	1	1	1	5	1	2	1	2	1	1	1
Streptomyces sp. BoleA5 AREI01	3	1	3	3	0	5	14	2	3	1	1	3	1	2	2	2	5	1	1	1	1	1	3	4	1	1	4	1	1	4	0	3	4	1	1	2	1	2	1	1	2	2	1	1	1	1	1	2	1	2	1	1	3	1	2	4	2	2	2	5	2	2	1	1	1	1	1	1	2	1	2	1	1	0	0	1	1	1	2	1	5	2	1	1	2	7	2	2	1	1	1	1	1
Streptomyces sp. C ACEW01	4	1	3	3	0	8	6	1	5	1	1	2	1	2	1	2	3	4	1	2	1	1	3	2	1	1	3	1	1	3	0	4	4	2	1	2	1	1	1	1	1	1	2	1	1	1	1	2	1	2	1	1	3	2	1	3	1	1	1	4	3	3	1	2	1	1	1	1	1	1	4	1	1	0	1	1	1	1	0	1	3	1	1	1	1	8	1	1	1	1	1	1	1
Streptomyces sp. CcalMP-8W ARDQ01	6	1	3	3	0	3	8	1	4	1	1	2	1	2	2	2	6	3	1	2	1	1	2	3	1	1	6	1	1	5	1	3	4	2	1	1	1	2	1	1	2	1	1	1	1	0	1	2	1	2	1	1	4	1	1	3	1	1	1	3	2	2	1	3	1	1	1	1	2	1	3	1	1	0	0	1	1	1	2	1	6	1	1	1	2	5	1	1	1	1	1	1	1
Streptomyces sp. CFMR 7 NZ_CP011522.1	6	1	3	3	0	6	8	1	4	1	2	2	1	1	2	2	4	2	1	2	1	1	2	4	1	1	4	1	1	3	1	4	5	2	1	2	1	2	1	2	2	1	1	1	1	0	1	2	1	2	1	1	4	1	1	4	1	1	1	3	2	2	1	3	2	1	1	1	1	1	3	1	1	0	0	1	1	1	2	1	4	1	1	1	2	5	1	1	1	1	1	1	1
Streptomyces sp. CNB091 ARJI01	6	1	3	2	0	2	8	1	4	1	1	2	1	1	2	2	4	0	1	2	1	1	3	3	1	1	4	1	1	2	0	2	3	2	1	1	1	1	1	2	2	1	1	1	1	0	1	2	1	2	1	1	3	1	1	3	1	1	1	3	2	2	1	2	2	1	1	1	2	1	4	1	1	0	0	1	1	1	2	1	4	1	1	1	1	5	1	2	1	2	1	1	1
Streptomyces sp. CNH099 AZWL01	8	1	2	3	0	3	8	1	2	1	1	3	1	2	1	2	5	1	2	1	1	1	3	2	1	1	4	1	1	3	0	4	4	2	1	1	1	1	1	1	2	1	1	1	1	1	1	2	1	2	1	1	3	1	2	2	1	1	1	4	3	2	1	3	1	1	1	1	1	1	2	1	1	0	0	1	1	1	0	1	4	1	1	2	2	5	1	3	2	1	1	1	2
Streptomyces sp. CNH189 AZUS01	6	1	3	3	0	3	10	2	6	1	1	3	1	2	1	2	4	2	1	2	1	1	2	3	1	1	4	1	1	2	0	3	4	1	1	2	1	3	1	1	2	1	1	1	1	1	1	2	1	2	1	1	2	1	1	3	1	2	2	5	3	2	1	2	2	2	1	1	2	1	2	1	1	0	0	1	1	1	2	1	4	1	1	1	3	8	1	3	1	1	1	1	1
Streptomyces sp. CNH287 AUKQ01	4	1	3	1	0	2	6	1	3	1	1	2	1	2	1	2	5	2	1	2	1	1	4	3	1	1	6	1	1	1	0	3	2	2	1	1	1	1	1	1	1	1	1	1	1	1	1	2	1	2	1	1	2	1	1	3	1	1	1	5	3	2	1	2	1	1	1	1	1	1	4	1	1	0	0	1	1	1	1	1	5	1	1	1	2	5	1	1	2	1	1	1	1
Streptomyces sp. CNQ-509 NZ_CP011492.1	7	1	3	2	0	3	8	1	2	1	1	3	1	2	1	2	3	0	1	1	1	1	3	3	1	1	3	1	1	2	0	4	4	1	1	1	1	2	1	1	2	1	1	1	1	1	1	2	1	2	1	1	3	1	1	3	1	1	1	4	3	2	1	2	1	1	1	1	2	1	3	1	1	0	0	1	1	1	1	2	3	1	1	2	2	6	1	3	1	1	1	1	2
Streptomyces sp. CNQ-525 JNID01	9	1	3	3	0	3	10	1	2	1	1	2	1	2	1	2	5	1	2	1	1	1	3	3	1	1	5	1	1	3	0	4	5	2	1	1	1	1	1	1	2	1	1	1	1	1	1	2	1	2	1	1	3	1	1	4	1	2	1	5	3	2	1	2	1	1	1	1	2	1	2	1	1	0	0	1	1	1	1	2	5	1	1	1	3	7	1	3	1	1	1	1	2
Streptomyces sp. CNQ329 AXVU01	6	1	3	2	0	2	9	1	2	1	1	2	1	2	1	2	3	1	1	1	1	1	3	3	1	1	4	1	1	2	0	4	4	1	1	1	1	1	1	1	3	1	1	1	1	1	1	2	1	2	1	1	3	1	1	3	1	1	1	5	3	2	1	3	1	1	1	1	1	1	2	1	1	0	0	1	1	1	1	2	3	1	0	2	2	5	1	3	1	1	1	1	2
Streptomyces sp. CNQ431 JTCK01	5	1	3	1	0	5	7	1	4	1	1	3	1	2	1	2	3	0	1	2	1	1	2	1	1	1	4	1	1	2	0	3	4	2	2	2	1	2	1	1	1	1	1	1	1	1	1	2	1	3	1	3	2	2	1	3	1	1	1	3	2	2	1	1	1	1	1	1	1	1	3	1	1	0	0	1	2	1	1	0	3	1	1	1	3	5	1	1	1	1	2	2	1
Streptomyces sp. CNQ766 ARHR01	7	1	3	3	0	3	9	1	2	1	1	2	1	2	1	2	5	1	2	1	1	1	3	3	1	1	5	1	1	3	0	4	5	2	1	1	1	1	1	1	2	1	1	1	1	1	1	2	1	2	1	1	3	1	1	3	1	2	2	6	3	2	1	2	1	1	1	1	2	1	2	1	1	0	0	1	1	1	1	2	5	1	1	1	3	7	1	3	1	1	1	1	2
Streptomyces sp. CNQ865 AUKP01	7	1	3	3	0	3	9	1	2	1	1	2	1	2	1	2	5	1	2	1	1	1	3	3	1	1	5	1	1	3	0	3	4	2	1	1	1	1	1	1	2	1	1	1	1	1	1	2	1	2	1	1	3	1	1	3	1	2	2	6	3	2	1	2	1	1	1	1	2	1	2	1	1	0	0	1	1	1	1	2	5	1	1	1	3	7	1	3	1	1	1	1	2
Streptomyces sp. CNR698 AZXC01	3	1	3	3	1	8	6	1	5	1	1	2	1	2	1	2	5	6	1	2	1	1	3	3	1	1	3	2	1	1	0	2	3	2	1	2	1	3	1	1	3	1	1	1	1	0	1	2	1	3	1	1	2	1	1	3	1	1	1	5	3	3	1	1	1	1	1	1	1	1	4	1	1	0	1	1	1	1	2	1	5	1	1	1	2	7	1	1	1	1	1	1	1
Streptomyces sp. CNS335 ARHS01	7	1	3	3	0	3	10	1	2	1	1	2	1	2	1	2	5	1	2	1	1	1	3	3	1	1	5	1	1	3	0	4	5	2	1	1	1	1	1	1	2	1	1	1	1	1	1	2	1	2	1	1	3	1	1	3	1	2	2	6	3	2	1	2	1	1	1	1	2	1	2	1	1	0	0	1	1	1	1	2	5	1	1	1	3	7	1	3	1	1	1	1	2
Streptomyces sp. CNS606 AUFD01	2	1	3	1	0	2	6	1	2	1	1	2	1	2	1	2	3	0	1	2	1	1	2	2	1	1	3	1	1	2	0	4	5	2	1	1	1	1	1	1	1	1	1	1	1	1	1	2	1	2	1	1	2	1	1	3	1	1	1	4	3	2	1	3	1	1	1	1	1	1	3	1	1	0	0	1	1	1	1	1	3	1	1	2	1	6	1	1	2	1	1	1	2
Streptomyces sp. CNS615 AQPE01	4	1	3	3	1	7	6	1	5	1	1	2	1	2	1	2	5	4	1	2	1	1	3	2	1	1	4	2	1	2	0	2	3	2	1	2	1	3	1	1	3	1	1	1	1	1	1	2	1	3	1	1	2	1	1	3	1	1	1	4	3	3	1	1	1	1	1	1	1	1	5	1	1	0	1	1	1	1	2	2	5	1	1	1	2	7	1	1	1	1	1	1	1
Streptomyces sp. CNS654 JNLT01	7	1	3	3	0	4	8	1	4	1	1	2	1	2	2	2	5	1	1	2	1	1	3	3	1	1	5	1	1	2	0	3	4	2	1	1	1	2	1	1	2	1	1	1	1	0	1	2	1	2	1	1	4	1	1	3	1	1	1	3	2	2	1	3	2	2	1	1	2	1	5	2	1	0	0	2	1	1	2	1	5	1	2	1	1	6	1	1	2	1	1	1	1
Streptomyces sp. CNT302 ARIM01	3	1	3	3	1	7	6	1	5	1	1	2	1	2	1	2	5	2	1	2	1	1	3	2	1	1	3	2	1	1	0	2	3	1	1	2	1	3	1	1	4	1	1	1	1	1	1	2	1	3	1	1	2	1	1	3	1	1	1	4	3	3	1	2	1	1	1	1	1	1	2	1	1	0	1	2	1	1	2	2	5	1	1	1	2	6	1	1	1	1	2	1	1
Streptomyces sp. CNT318 AUKN01	5	1	3	1	0	4	7	1	3	1	1	3	1	2	1	2	4	3	1	1	1	1	3	3	1	1	4	1	1	2	0	2	3	2	1	1	1	2	1	2	1	1	1	1	1	1	1	2	1	2	1	1	2	1	1	3	1	1	1	4	3	2	1	1	1	1	1	1	1	1	3	1	1	0	0	1	1	1	2	1	4	1	1	1	2	4	1	1	3	1	1	1	1
Streptomyces sp. CNT360 AUKO01	5	1	3	1	0	2	7	1	3	1	1	2	1	2	3	2	6	2	1	1	1	1	2	2	1	1	6	1	1	2	0	2	5	2	1	1	1	2	1	2	1	1	1	1	1	0	1	2	1	2	1	3	3	2	1	3	1	1	1	4	3	3	1	1	1	1	1	1	1	1	3	1	1	0	0	1	1	1	2	1	6	1	1	2	3	9	1	3	2	1	3	2	2
Streptomyces sp. CNT371 AZWZ01	7	1	3	2	0	2	10	1	2	1	1	2	1	2	1	2	5	1	2	1	1	1	3	3	1	1	5	1	1	3	0	4	5	2	1	1	1	1	1	1	2	1	1	1	1	1	1	2	1	2	1	1	3	1	1	3	1	1	1	5	3	2	1	2	1	0	1	1	2	1	2	1	1	0	0	1	1	1	1	2	5	1	1	1	3	5	1	3	1	1	1	1	2
Streptomyces sp. CNT372 ARHT01	8	1	3	3	0	4	9	1	4	1	1	2	1	2	1	2	4	1	1	2	1	1	3	3	1	1	4	1	1	1	0	3	4	2	1	3	1	3	1	1	2	1	1	1	1	1	1	2	1	2	1	1	2	1	1	3	1	1	1	3	2	2	1	1	1	1	1	1	1	1	3	1	1	0	0	1	1	1	1	1	4	1	1	2	1	5	1	1	1	1	1	1	1
Streptomyces sp. CNY228 ARIN01	5	1	2	1	0	2	8	1	4	1	1	3	1	2	1	2	4	0	1	2	1	1	2	1	1	1	5	1	1	2	1	4	5	2	1	2	1	2	1	1	1	2	1	1	1	1	1	2	1	2	1	1	3	1	1	3	1	1	1	3	2	2	1	1	2	1	1	1	1	1	4	1	1	0	0	1	2	1	1	1	4	1	1	1	4	6	1	1	1	1	1	1	1
Streptomyces sp. CNY243 ARHU01	7	1	3	3	0	3	10	1	2	1	1	2	1	2	1	2	5	1	2	1	1	1	3	3	1	1	5	1	1	3	0	4	5	2	1	1	1	1	1	1	2	1	1	1	1	1	1	2	1	2	1	1	3	1	1	3	1	2	2	6	3	2	1	2	1	1	1	1	2	1	2	1	1	0	0	1	1	1	1	2	5	1	1	1	3	7	1	3	1	1	1	1	2
Streptomyces sp. CT34 JSFP01	6	1	4	3	1	6	6	1	4	1	1	1	1	2	2	2	5	5	2	3	1	1	2	2	1	0	4	1	1	3	0	2	4	2	1	1	1	1	1	1	2	1	1	1	1	1	2	2	1	2	1	1	2	2	2	3	1	1	1	4	3	2	1	2	1	1	1	1	1	1	2	1	2	0	0	1	1	1	2	1	5	1	1	1	2	7	1	1	1	1	2	1	1
Streptomyces sp. DpondAA-B6 AZVE01	4	1	3	4	0	3	8	1	4	1	2	2	1	2	3	2	5	1	1	2	1	1	2	4	1	1	4	1	1	2	1	3	4	2	1	1	1	2	1	2	2	1	1	1	1	0	1	2	1	2	1	1	4	1	1	3	1	1	1	3	2	2	1	3	1	1	1	1	2	1	4	1	1	0	0	1	1	1	2	1	5	1	1	1	2	6	1	3	2	2	1	1	1
Streptomyces sp. DvalAA-83 ARPI01	5	1	3	3	0	3	10	1	3	1	1	3	1	2	1	2	4	1	1	2	1	1	2	2	1	1	3	1	1	2	1	3	4	2	1	2	1	2	1	2	3	1	1	1	1	0	1	2	1	2	1	1	4	1	1	3	1	1	1	3	2	2	1	1	1	1	1	1	2	1	7	1	1	0	0	1	1	1	2	1	4	1	1	1	1	7	1	2	1	2	1	1	1
Streptomyces sp. e14 ACUR01	5	1	3	3	0	5	5	1	4	1	1	3	1	2	1	2	4	2	1	2	0	1	3	3	1	1	4	1	1	2	1	4	4	2	1	2	1	2	1	0	4	2	2	1	1	1	1	2	1	2	1	1	4	1	1	3	2	1	1	3	2	2	1	2	1	2	1	1	1	1	2	1	1	0	0	1	1	1	2	3	4	1	1	1	1	9	1	1	1	1	1	1	1
Streptomyces sp. FxanaC1 AQWO01	6	1	3	5	0	5	8	1	5	1	1	2	1	2	1	2	4	0	1	2	1	1	2	3	1	1	3	1	1	4	0	2	3	2	1	1	1	1	1	1	1	1	1	1	1	1	1	2	1	2	1	1	3	1	1	3	1	1	1	5	3	2	1	1	1	1	1	1	1	1	3	1	1	0	0	1	1	1	2	1	4	1	1	1	2	6	1	1	1	2	1	1	1
Streptomyces sp. FxanaD5 ARDY01	6	1	3	3	0	4	9	0	6	1	1	3	1	2	1	2	4	2	1	2	1	1	2	3	1	1	4	1	1	2	1	4	5	2	1	2	1	3	2	2	3	1	1	1	1	1	1	2	1	2	1	1	2	1	1	3	1	2	2	5	3	2	1	1	1	1	2	1	1	1	2	1	1	0	0	1	1	1	2	1	4	1	1	1	3	7	1	3	1	1	1	1	2
Streptomyces sp. FXJ7.023 APIV01	9	1	3	3	0	4	9	0	5	1	2	4	1	2	1	2	4	2	1	2	1	1	2	3	1	1	4	1	1	2	1	3	4	2	3	2	1	3	1	2	3	2	1	1	1	1	1	2	1	2	1	3	2	1	1	3	1	1	1	5	3	2	1	1	3	1	2	1	1	1	4	1	1	0	0	1	1	1	2	1	4	1	1	1	3	7	1	2	1	1	1	1	1
Streptomyces sp. GBA 94-10 NZ_CM002271.1	6	1	3	1	0	4	7	1	3	1	1	3	1	2	1	2	3	0	1	2	1	1	2	1	1	1	5	1	1	2	0	3	4	2	2	2	1	2	1	1	1	1	1	1	1	1	1	2	1	3	1	3	2	3	1	3	1	1	1	3	2	2	1	1	1	1	1	1	2	1	3	1	1	0	0	1	2	1	1	1	3	1	1	1	3	5	1	1	1	1	3	3	1
Streptomyces sp. GXT6 AYRX01	6	1	3	3	0	2	9	1	6	1	2	2	1	2	1	2	4	2	1	2	1	1	3	5	1	1	3	1	1	2	0	3	3	1	1	2	1	2	1	2	3	2	1	1	1	1	1	2	1	2	1	1	3	1	1	5	1	2	2	3	2	3	1	2	2	1	2	1	1	1	2	1	1	0	0	1	1	1	2	1	4	1	1	1	3	9	1	2	1	1	1	1	1
Streptomyces sp. HCCB10043 AWOQ01	8	1	2	3	0	3	3	1	2	1	1	2	1	1	1	2	4	0	1	2	1	1	2	4	1	1	4	1	1	3	0	3	4	2	1	2	0	1	0	1	1	1	1	1	1	1	1	2	1	2	0	1	4	2	1	1	1	1	1	3	2	2	1	1	2	0	0	1	2	1	2	1	1	0	0	0	1	1	2	1	4	1	0	1	1	5	0	2	1	1	1	0	2
Streptomyces sp. HGB0020 AGER01	7	1	3	4	0	3	13	2	5	1	1	3	1	3	2	2	5	1	1	2	1	1	2	4	1	1	5	1	1	3	0	3	4	2	1	3	1	4	1	2	3	3	2	1	1	1	1	2	1	2	1	1	3	1	1	5	1	2	2	7	3	2	1	1	1	1	2	1	2	1	3	1	1	0	0	1	1	1	2	1	5	1	1	2	4	11	1	3	1	2	1	1	2
Streptomyces sp. HmicA12 ARED01	12	1	3	3	0	4	13	2	5	1	1	3	1	2	2	2	4	3	1	2	1	1	3	3	1	1	7	1	1	3	0	2	3	2	2	2	1	1	1	1	3	2	1	1	1	1	1	2	1	2	1	1	3	2	2	3	1	2	2	4	3	2	1	1	1	1	1	1	1	1	3	2	1	0	0	1	1	1	2	1	4	2	1	1	1	11	1	3	2	2	2	2	1
Streptomyces sp. HPH0547 ATCE01	5	1	3	1	0	2	7	1	2	1	2	3	1	1	1	2	5	5	1	1	1	1	2	2	1	1	4	1	1	2	0	3	4	2	1	1	1	1	1	2	1	1	1	1	1	1	1	2	1	3	1	1	2	1	1	4	1	1	1	4	3	2	1	3	1	1	1	1	3	1	3	1	1	0	0	1	1	1	2	1	5	1	1	1	3	8	1	1	2	1	1	1	2
Streptomyces sp. JS01 JPWW01	9	1	3	3	0	4	8	1	4	1	1	2	1	2	2	2	4	0	1	2	1	1	3	3	1	1	4	1	1	3	1	4	5	2	1	1	1	2	1	1	2	2	1	1	1	1	1	2	1	2	1	1	4	1	1	3	1	1	1	3	2	2	1	1	1	1	1	1	2	1	3	1	1	0	0	1	1	1	2	1	4	1	1	1	1	7	1	1	1	1	1	1	1
Streptomyces sp. KhCrAH-244 AREA01	5	1	3	2	0	4	10	1	3	1	1	3	1	2	2	2	6	0	1	2	1	1	3	3	1	1	5	1	1	2	0	3	4	2	1	2	1	1	1	2	2	1	1	1	1	1	1	2	1	3	1	1	3	1	1	3	1	1	1	4	2	2	1	1	1	1	1	1	2	1	4	1	1	0	0	1	2	1	2	1	6	2	1	1	1	5	1	2	4	2	1	1	1
Streptomyces sp. KhCrAH-337 AZVF01	5	1	3	2	0	4	10	1	3	1	1	3	1	2	2	2	5	0	1	2	1	1	3	3	1	1	4	1	1	2	0	3	4	2	1	2	1	1	1	2	2	1	1	1	1	1	1	2	1	3	1	1	3	1	1	3	1	1	1	4	2	2	1	1	1	1	1	1	2	1	4	1	1	0	0	1	2	1	2	1	5	2	1	1	1	5	1	2	4	2	1	1	1
Streptomyces sp. KhCrAH-340 ARDX01	5	1	3	2	0	4	10	1	3	1	1	3	1	2	2	2	6	0	1	2	1	1	3	3	1	1	5	1	1	2	0	3	4	2	1	2	1	1	1	2	2	1	1	1	1	1	1	2	1	3	1	1	3	1	1	3	1	1	1	4	2	2	1	1	1	1	1	1	2	1	4	1	1	0	0	1	2	1	2	1	6	2	1	1	1	5	1	2	4	2	1	1	1
Streptomyces sp. KhCrAH-40 AZVG01	5	1	3	2	0	4	10	1	3	1	1	3	1	2	2	2	5	0	1	2	1	1	3	3	1	1	4	1	1	2	0	3	4	2	1	2	1	1	1	2	2	1	1	1	1	1	1	2	1	3	1	1	3	1	1	3	1	1	1	4	2	2	1	1	1	1	1	1	2	1	4	1	1	0	0	1	2	1	2	1	5	2	1	1	1	5	1	2	4	2	1	1	1
Streptomyces sp. LaPpAH-108 AREG01	7	1	3	3	0	5	8	2	5	1	1	3	1	3	2	2	4	1	1	2	1	1	2	2	1	1	3	1	1	2	1	4	4	2	1	3	1	3	1	2	3	2	2	1	1	1	1	2	1	2	1	1	4	1	1	3	1	1	1	3	2	2	1	1	1	1	1	1	1	1	3	1	1	0	0	1	1	1	1	1	4	1	1	1	2	4	1	1	1	2	1	1	1
Streptomyces sp. LaPpAH-165 AREB01	5	1	3	2	0	4	10	1	3	1	1	3	1	3	3	2	3	1	1	2	1	1	3	4	1	1	3	1	1	3	0	3	4	2	1	1	1	1	1	1	2	1	1	1	1	1	1	2	1	2	1	1	4	1	1	3	1	1	1	4	2	2	1	1	1	1	1	1	2	1	3	1	1	1	0	1	1	1	2	1	3	2	1	1	2	6	1	2	2	2	1	1	1
Streptomyces sp. LaPpAH-202 ARDM01	5	1	3	1	0	2	8	1	4	1	2	3	1	2	1	2	4	0	1	2	1	1	2	1	1	1	5	1	1	2	1	4	5	2	1	2	1	2	1	1	1	1	1	1	1	1	1	2	1	2	1	1	3	1	1	3	1	1	1	3	2	2	1	1	1	1	1	1	1	1	4	1	1	0	0	1	2	1	1	1	4	1	1	1	4	6	1	1	1	1	1	1	1
Streptomyces sp. LaPpAH-95 AQWQ01	5	1	3	2	0	4	10	1	3	1	1	3	1	3	3	2	3	1	1	2	1	1	3	4	1	1	3	1	1	3	0	3	4	2	1	1	1	1	1	1	2	1	1	1	1	1	1	2	1	2	1	1	4	1	1	3	1	1	1	4	2	2	1	1	1	1	1	1	2	1	3	1	1	1	0	1	1	1	2	1	3	2	1	1	2	6	1	2	2	2	1	1	1
Streptomyces sp. M10 AMZL01	4	1	3	2	0	2	8	1	4	1	1	3	1	2	2	2	3	0	1	2	1	1	2	1	1	1	2	1	1	2	1	4	5	2	1	2	1	1	1	1	1	1	1	1	1	1	1	2	1	3	1	3	2	1	1	3	1	1	1	3	2	1	1	1	1	1	1	1	1	1	3	1	1	0	0	1	1	1	1	2	3	1	1	1	4	6	1	0	4	1	1	1	1
Streptomyces sp. Mg1 NZ_CP011664.1	4	1	3	3	0	3	6	1	4	1	1	3	1	2	1	2	4	2	1	2	1	1	3	2	1	1	5	1	1	3	0	2	2	2	2	2	1	2	1	1	2	3	1	2	1	1	1	2	1	2	1	1	3	1	1	4	1	1	1	4	3	2	1	2	3	2	1	2	2	2	3	1	1	0	1	1	1	1	1	1	4	1	1	1	2	7	1	1	1	1	1	1	1
Streptomyces sp. MspMP-M5 AREE01	4	1	3	3	0	5	6	1	3	1	1	2	1	2	2	2	4	4	1	2	1	1	2	3	1	1	4	1	1	3	0	2	1	2	1	1	1	1	1	1	1	1	1	1	1	1	1	2	1	3	1	1	2	1	2	3	1	1	1	4	3	3	1	2	1	1	1	1	1	1	3	1	1	0	0	1	1	1	2	2	4	1	1	1	3	7	1	1	1	2	1	1	1
Streptomyces sp. MUSC 125 JUIG01	4	1	3	3	1	6	10	0	4	1	1	4	1	2	2	2	6	3	1	2	1	1	2	3	1	1	5	1	1	2	0	3	3	1	1	3	1	2	1	1	3	1	1	1	1	1	1	2	1	6	1	1	3	1	1	4	1	1	1	4	3	2	1	3	1	1	1	1	1	1	3	1	1	0	0	1	1	1	2	1	6	1	1	1	3	6	1	1	1	1	1	1	1
Streptomyces sp. NBRC 110027 BBNO01	7	1	3	4	0	7	7	1	5	1	1	2	1	3	1	2	4	4	1	2	2	1	2	2	1	1	3	1	1	2	0	5	7	2	1	1	1	1	1	1	1	1	1	1	1	1	1	2	1	2	1	1	3	1	1	3	1	1	1	5	3	3	1	2	1	1	1	1	1	1	2	1	1	0	0	1	2	1	2	1	4	1	1	1	2	5	1	1	1	1	1	1	1
Streptomyces sp. NBRC 110035 BBNN01	3	1	3	3	0	4	9	1	3	1	1	3	1	2	1	2	5	0	1	2	1	1	2	1	1	1	4	1	1	2	0	3	3	1	1	2	1	3	1	1	3	1	2	1	1	1	1	2	1	3	1	1	2	2	1	4	1	1	1	4	3	3	1	2	1	1	1	1	1	1	5	1	1	0	0	1	1	1	2	1	5	1	1	1	3	4	1	2	1	1	2	2	1
Streptomyces sp. NRRL B-11253 JNWN01	7	1	3	3	1	11	9	1	5	1	2	3	1	2	2	2	6	4	2	3	1	1	2	6	1	1	6	1	1	4	0	3	4	2	1	1	1	1	1	2	2	1	1	1	1	1	1	2	1	2	1	1	4	1	2	4	1	1	1	4	3	2	1	2	2	1	1	1	1	1	4	2	1	0	0	2	1	1	2	2	6	1	2	1	3	8	1	1	1	2	2	2	2
Streptomyces sp. NRRL B-12105 JNZW01	4	1	3	3	0	3	10	2	5	1	1	3	1	2	1	2	5	3	1	2	1	1	2	3	1	1	4	1	1	1	0	4	3	1	1	3	1	3	1	2	3	2	1	1	1	1	1	2	1	3	1	2	2	1	1	3	1	1	1	6	3	2	1	1	2	1	1	1	1	1	3	1	1	0	0	1	2	1	2	1	5	1	1	1	3	7	1	4	1	2	1	1	1
Streptomyces sp. NRRL B-1322 JOHF01	4	1	3	4	0	4	6	1	6	1	1	4	1	2	2	2	4	1	2	2	1	1	3	3	1	1	4	1	1	2	0	2	2	2	1	1	1	2	1	1	1	1	1	1	1	1	1	2	1	2	1	1	3	2	1	4	1	1	1	4	3	2	1	2	1	1	1	1	1	1	3	1	1	0	1	1	1	1	1	1	4	1	1	1	2	8	1	1	1	1	2	1	2
Streptomyces sp. NRRL B-1347 JOJM01	7	1	3	3	0	5	10	0	5	1	1	4	1	2	2	2	4	4	2	2	1	1	3	4	1	1	4	1	1	2	0	2	3	2	1	2	1	1	1	1	3	2	1	1	1	1	1	2	1	4	1	1	3	1	1	4	1	2	2	4	3	3	1	5	2	2	1	1	1	1	5	1	1	0	0	1	1	2	1	1	4	1	1	1	2	7	1	1	1	2	1	1	2
Streptomyces sp. NRRL B-1381 JOHG01	7	1	3	3	0	4	8	1	4	1	1	2	1	2	2	2	5	2	1	2	1	1	3	3	1	1	5	1	1	2	1	4	5	2	1	2	1	2	1	1	2	1	1	1	1	1	1	3	1	2	1	1	4	1	1	3	1	1	1	3	2	2	1	1	1	2	1	1	2	1	3	2	1	0	0	1	1	1	2	1	5	1	1	1	1	6	1	1	1	1	1	1	1
Streptomyces sp. NRRL B-24051 JOAE01	5	1	3	2	1	6	7	1	4	1	2	2	1	2	2	2	4	2	1	2	1	1	3	3	1	1	4	1	1	4	1	3	5	2	1	1	1	2	1	2	3	1	1	1	1	0	1	2	1	2	1	1	3	1	1	4	1	1	1	3	2	2	1	1	1	1	1	1	2	1	2	1	1	0	0	1	1	1	2	1	4	1	1	1	2	7	1	3	1	1	1	1	1
Streptomyces sp. NRRL B-24484 JOAI01	6	1	3	3	0	2	9	1	3	1	1	4	1	2	1	2	4	3	1	1	2	1	2	3	1	1	4	1	1	4	0	2	3	1	1	2	1	1	1	1	1	2	1	1	1	1	1	2	1	3	1	1	2	2	1	3	1	1	1	3	2	3	1	2	1	2	1	1	2	1	2	1	1	0	0	1	1	1	2	2	4	1	1	2	2	5	1	1	3	1	1	1	1
Streptomyces sp. NRRL B-24720 JOJO01	9	1	3	3	0	3	11	2	5	1	1	3	1	1	1	2	4	1	1	2	1	1	3	2	1	1	3	1	1	3	0	2	3	1	1	3	1	3	1	1	3	2	1	1	1	1	1	2	1	2	1	1	3	1	1	3	2	2	2	5	3	3	1	2	1	1	1	1	2	1	2	1	1	0	0	1	1	1	2	1	4	1	1	2	1	14	1	2	1	1	1	1	1
Streptomyces sp. NRRL B-2790 JOHI01	6	1	1	3	0	4	7	1	4	1	1	3	1	2	1	2	4	0	1	2	1	1	2	4	1	1	4	1	1	1	0	3	4	1	1	1	0	4	1	1	2	3	3	1	1	1	0	2	1	2	1	1	3	1	1	3	1	1	1	3	3	2	1	2	2	1	1	1	2	1	2	1	0	0	0	1	1	1	2	2	4	1	1	1	1	5	0	2	1	2	2	1	1
Streptomyces sp. NRRL B-3229 JOGP01	6	1	3	4	0	2	10	2	5	1	1	3	1	2	1	2	7	2	1	2	1	1	2	4	1	1	7	1	1	1	1	4	5	1	1	2	1	3	1	1	3	2	1	1	1	1	1	2	1	3	1	1	3	1	1	3	1	2	2	5	3	3	1	2	2	2	2	1	2	1	2	1	1	0	1	1	1	1	2	1	7	2	1	1	3	9	1	3	1	1	1	1	1
Streptomyces sp. NRRL B-3253 JOGQ01	5	1	3	1	0	2	8	1	4	1	1	3	1	2	2	2	4	0	1	2	1	1	2	1	1	1	4	1	1	2	1	4	5	2	1	2	1	2	1	1	1	1	1	1	1	1	1	2	1	2	1	1	2	1	1	3	1	1	1	3	2	2	1	1	1	1	1	1	1	1	3	1	1	0	0	1	2	1	1	1	4	1	1	1	4	5	1	1	1	1	1	1	1
Streptomyces sp. NRRL B-5680 JOGG01	4	1	3	4	0	5	7	1	5	1	1	2	1	2	1	2	5	6	1	2	1	1	2	3	1	1	6	1	1	2	0	2	2	2	2	1	1	1	1	1	2	1	1	1	1	1	1	2	1	4	1	1	3	2	1	3	1	1	1	3	2	3	1	2	1	0	1	1	2	2	2	1	1	0	0	1	1	1	1	1	5	1	1	2	3	4	1	1	1	2	2	2	2
Streptomyces sp. NRRL F-2202 JOIH01	7	1	3	3	0	4	8	1	4	1	1	2	1	2	2	2	5	3	1	2	1	1	3	3	1	1	5	1	1	3	1	4	5	2	1	2	1	2	1	1	2	1	1	1	1	1	1	3	1	2	1	1	4	1	1	3	1	1	1	3	2	2	1	1	1	2	1	1	2	1	3	2	1	0	0	1	1	1	2	1	5	1	1	1	1	6	1	1	1	1	1	1	1
Streptomyces sp. NRRL F-2305 JOFW01	4	1	3	3	1	7	9	2	4	1	1	3	1	2	1	2	4	3	1	2	1	1	2	3	1	1	4	1	1	2	0	3	3	1	2	2	1	3	1	1	2	2	1	1	1	1	1	2	1	2	1	1	2	1	1	3	1	1	1	4	3	2	1	2	4	1	1	2	1	2	3	1	1	0	0	1	1	1	2	1	4	1	1	1	2	5	1	3	1	1	1	1	1
Streptomyces sp. NRRL F-2580 JOIR01	3	1	3	3	0	2	6	1	4	1	1	3	1	2	1	2	3	1	1	2	1	1	3	3	1	1	3	1	1	2	0	2	2	1	1	1	1	2	1	1	1	2	1	1	1	1	1	2	1	3	1	1	3	2	1	4	1	1	1	4	3	3	1	2	1	1	1	1	1	1	3	1	1	1	1	1	1	1	1	1	3	1	1	1	2	7	1	1	1	2	2	1	3
Streptomyces sp. NRRL F-2664 JOFX01	2	1	3	4	0	2	6	1	4	1	1	3	1	2	1	2	5	1	2	2	1	1	3	2	1	1	4	1	1	2	0	2	2	1	1	2	1	2	1	1	1	1	1	1	1	1	1	2	1	2	1	1	3	2	1	3	1	1	1	5	3	2	1	2	1	1	1	1	1	1	4	1	1	0	1	1	1	1	1	1	4	1	1	1	2	8	1	1	1	1	2	1	2
Streptomyces sp. NRRL F-2747 JOIS01	4	1	3	3	1	4	7	1	5	1	1	2	1	2	1	2	4	4	2	3	1	1	3	2	1	1	3	1	1	3	2	3	3	2	1	2	1	3	1	1	2	1	1	2	1	0	1	2	1	2	1	1	3	2	1	3	1	1	1	5	3	2	1	2	2	1	1	1	1	1	2	1	1	0	1	1	1	1	1	1	4	1	1	2	3	7	1	1	2	1	1	1	2
Streptomyces sp. NRRL F-2799 JOIF01	2	1	3	3	0	3	8	0	5	1	1	3	1	2	1	2	4	2	1	2	1	1	2	2	1	1	5	1	1	1	1	4	4	1	1	3	1	3	1	1	3	2	2	1	1	1	1	2	1	3	1	1	3	1	1	3	1	1	1	3	2	2	1	2	1	1	1	1	1	1	3	1	1	0	0	1	1	1	1	1	4	1	1	1	2	5	1	1	1	1	1	1	1
Streptomyces sp. NRRL F-2890 JOIG01	4	1	3	2	0	2	7	1	2	1	2	1	1	2	2	2	3	0	1	1	1	1	2	3	1	1	2	1	1	2	0	2	2	2	2	1	1	2	1	2	3	1	1	1	1	1	1	2	1	3	1	1	2	2	1	3	1	1	1	3	2	2	1	2	1	1	1	1	1	1	3	2	1	0	0	2	1	1	1	1	3	1	2	1	1	6	1	2	1	1	1	1	1
Streptomyces sp. NRRL F-3218 JOIP01	7	1	3	3	0	5	8	1	4	1	1	2	1	2	1	2	5	3	1	2	1	1	3	3	1	1	5	1	1	3	1	4	5	2	1	2	1	2	1	1	2	1	1	1	1	1	1	3	1	2	1	1	4	1	1	3	1	1	1	3	2	2	1	1	1	2	1	1	2	1	3	2	1	0	0	1	1	1	2	1	5	1	1	1	1	6	1	1	1	1	1	1	1
Streptomyces sp. NRRL F-3273 JOIO01	7	1	3	3	0	5	8	1	4	1	1	2	1	2	1	2	5	3	1	2	1	1	3	3	1	1	5	1	1	3	1	4	5	2	1	2	1	2	1	1	2	1	1	1	1	1	1	3	1	2	1	1	4	1	1	3	1	1	1	3	2	2	1	1	1	2	1	1	2	1	3	2	1	0	0	1	1	1	2	1	5	1	1	1	1	6	1	1	1	1	1	1	1
Streptomyces sp. NRRL F-3307 JOIC01	5	1	3	3	0	5	12	2	5	1	1	3	1	3	1	2	4	3	1	2	1	1	2	3	1	1	5	2	1	2	0	3	4	1	2	3	1	3	1	2	4	2	1	1	1	1	1	2	1	2	1	2	3	2	1	4	2	2	2	6	3	3	1	2	1	1	2	1	1	1	3	2	1	0	0	1	1	1	2	1	4	2	1	1	3	10	1	2	1	1	2	1	2
Streptomyces sp. NRRL F-4335 JOFY01	3	1	3	3	0	3	7	1	5	1	1	3	1	2	2	2	3	1	1	2	1	1	3	3	1	1	5	1	1	3	1	3	3	1	2	2	1	2	1	1	1	1	1	1	1	1	1	2	1	2	1	1	3	1	1	3	1	1	1	4	3	3	1	2	1	1	1	1	1	1	3	1	1	1	1	1	1	1	1	1	3	1	1	1	2	8	1	1	1	2	2	1	2
Streptomyces sp. NRRL F-4474 JOIB01	3	1	3	4	0	3	6	1	5	1	1	3	1	2	1	2	4	1	2	2	1	1	3	3	1	1	4	1	1	3	0	2	2	2	1	1	1	2	1	1	1	1	1	1	1	1	1	2	1	3	1	1	3	2	1	4	1	1	1	4	3	3	1	2	1	1	1	1	1	1	3	1	1	0	1	1	1	1	1	1	4	1	1	1	2	7	1	1	2	1	2	1	2
Streptomyces sp. NRRL F-4835 JOIE01	6	1	2	3	1	3	6	1	5	1	3	4	1	2	2	2	4	0	1	2	1	1	2	2	1	1	4	1	1	2	0	3	4	1	1	1	0	1	1	2	1	2	2	1	1	1	1	2	1	2	1	1	2	0	1	3	1	2	1	4	3	2	1	2	1	1	2	1	1	1	5	2	1	0	0	2	1	1	2	2	4	1	2	1	3	8	1	2	1	1	1	1	1
Streptomyces sp. NRRL F-5008 JOHW01	6	1	3	3	1	5	9	2	4	1	1	4	1	2	2	2	5	3	1	2	1	1	2	4	1	1	5	1	1	3	1	5	5	2	1	2	1	3	1	1	2	2	2	1	1	1	1	2	1	3	1	1	3	1	1	3	1	2	2	6	3	2	1	3	1	1	1	1	2	1	3	1	1	0	1	1	1	1	2	1	5	2	1	1	2	8	1	2	1	1	1	1	2
Streptomyces sp. NRRL F-5053 JOHT01	6	1	3	1	0	3	8	1	3	1	1	3	1	2	2	2	6	3	1	1	1	1	2	4	1	1	4	1	1	3	0	2	5	2	1	1	1	2	1	3	1	1	1	1	1	1	1	2	1	3	2	1	2	3	1	3	1	1	1	4	3	3	1	2	1	1	1	1	2	1	6	2	1	1	0	3	1	1	1	1	6	1	2	1	3	7	1	1	1	2	4	3	2
Streptomyces sp. NRRL F-5065 JOHV01	3	1	3	3	1	4	8	0	4	1	1	3	1	2	1	2	5	1	1	2	1	1	2	3	1	1	5	1	1	2	1	4	4	3	1	0	1	3	1	1	2	2	1	1	1	1	1	2	1	3	1	1	3	1	1	3	1	2	0	3	2	3	1	4	2	1	3	1	1	0	4	1	1	0	0	1	1	1	2	1	5	1	1	2	4	8	1	1	1	1	1	1	1
Streptomyces sp. NRRL F-5123 JOHY01	6	1	3	2	0	2	10	1	3	1	1	2	1	2	2	2	3	1	1	1	1	1	2	1	1	1	4	1	1	1	0	2	2	2	1	2	1	2	1	1	2	1	1	1	1	1	1	2	1	2	1	1	3	1	1	3	1	1	1	7	3	2	1	2	1	1	1	2	2	2	3	1	1	0	0	1	1	1	1	1	3	1	1	2	2	4	1	4	1	2	1	1	1
Streptomyces sp. NRRL F-5126 JOFZ01	6	1	3	2	0	3	10	1	2	1	1	2	1	2	1	2	4	4	2	2	1	1	3	3	1	1	4	1	1	2	0	2	3	2	2	1	1	2	1	1	2	1	2	1	1	1	1	2	1	3	1	1	2	2	1	3	1	2	2	4	3	2	1	3	1	1	1	1	2	1	2	1	1	0	0	1	1	1	1	1	4	1	1	1	1	7	1	3	1	1	4	1	3
Streptomyces sp. NRRL F-5135 JOHR01	8	1	3	2	0	4	8	1	4	1	2	3	1	1	1	1	4	6	3	3	1	1	2	3	1	1	3	1	1	1	0	2	3	1	1	1	1	2	1	1	2	1	1	1	1	1	1	2	1	2	1	2	3	1	1	3	1	2	2	4	3	3	1	2	1	1	1	1	1	1	4	1	1	0	0	1	1	1	2	1	4	1	1	1	3	8	1	2	1	1	1	1	1
Streptomyces sp. NRRL F-5193 JOHZ01	6	1	3	3	0	4	11	1	2	1	1	3	1	1	1	2	4	3	1	1	1	1	2	3	1	1	3	1	1	5	0	5	6	0	1	1	1	1	1	1	1	1	1	1	1	0	1	2	1	4	1	1	2	1	1	4	1	1	1	4	2	3	1	1	1	1	1	1	2	1	2	1	1	0	1	1	1	1	1	1	4	2	1	2	2	6	1	2	4	1	1	1	1
Streptomyces sp. NRRL F-525 JNXE01	8	1	3	4	1	5	11	2	5	1	1	3	1	2	2	2	5	3	1	2	1	1	2	5	1	1	5	1	1	2	1	5	5	2	1	2	1	4	1	1	3	2	2	1	1	1	1	2	1	2	1	2	3	1	1	4	1	2	2	5	3	3	1	2	2	2	2	1	2	1	5	1	1	0	0	1	1	1	2	1	5	1	1	1	3	12	1	3	1	2	1	1	1
Streptomyces sp. NRRL F-5527 JOHL01	6	1	3	3	0	3	8	0	5	1	1	3	1	2	1	2	4	3	1	2	1	1	2	2	1	1	4	1	1	2	0	3	4	2	1	2	1	3	1	1	3	2	1	1	1	1	1	4	1	2	1	1	2	1	1	3	1	2	2	5	3	2	1	2	1	1	1	1	2	1	2	1	1	0	0	1	1	1	2	1	4	1	1	1	3	7	1	3	1	1	1	1	1
Streptomyces sp. NRRL F-5555 JOHJ01	6	1	3	3	0	2	8	0	4	1	2	3	1	3	1	2	4	2	1	2	1	1	2	4	1	1	4	1	1	2	1	4	6	2	1	3	1	3	1	2	3	2	2	1	1	1	1	2	1	2	1	1	3	2	1	3	1	2	2	4	3	2	1	1	1	1	1	1	2	1	4	1	1	0	0	1	1	1	2	1	4	1	1	1	3	9	1	4	1	1	2	2	2
Streptomyces sp. NRRL F-5630 JOGO01	5	1	3	2	0	4	8	1	2	1	1	3	1	2	1	2	5	0	1	2	1	1	3	2	1	1	4	1	1	3	0	2	3	2	2	3	1	2	1	1	2	1	2	1	1	1	1	2	1	2	1	1	3	1	1	3	1	1	1	3	2	2	1	1	1	1	1	1	2	1	3	1	1	0	0	1	1	1	1	1	5	1	1	1	2	5	1	1	2	1	1	1	1
Streptomyces sp. NRRL F-5635 JOGJ01	7	1	3	3	0	2	8	0	3	1	2	3	1	2	1	2	4	2	1	2	1	1	2	4	1	1	4	1	1	2	1	4	6	3	1	3	1	3	1	2	3	2	2	1	1	1	1	2	1	2	1	1	4	3	1	3	1	2	2	4	3	2	1	1	1	1	1	1	2	1	4	1	1	0	0	1	1	1	2	1	4	1	1	1	3	9	1	4	1	1	2	2	2
Streptomyces sp. NRRL F-5638 JOGL01	5	1	3	3	0	2	2	0	2	1	2	2	1	2	1	2	3	0	1	2	1	1	2	4	1	1	3	1	1	2	1	2	2	1	1	1	0	1	1	2	0	2	2	1	1	1	1	1	1	1	1	1	3	1	0	2	1	1	1	3	3	2	1	1	1	1	0	1	1	1	2	0	1	0	0	1	0	0	1	1	3	1	1	1	3	7	1	2	1	1	2	2	1
Streptomyces sp. NRRL F-5639 JOGK01	5	1	3	1	0	2	7	1	2	1	2	3	1	1	1	2	5	5	1	1	1	1	2	2	1	1	4	1	1	2	0	3	4	2	1	1	1	1	1	2	1	1	1	1	1	1	1	2	1	3	1	1	2	1	1	4	1	1	1	4	3	2	1	3	1	1	1	1	3	1	3	1	1	0	0	1	1	1	2	1	5	1	1	1	3	7	1	1	2	1	1	1	2
Streptomyces sp. NRRL F-5650 JOGV01	7	1	3	3	0	2	10	0	4	1	2	3	1	2	1	2	4	2	1	2	1	1	2	4	1	1	5	1	1	1	1	4	6	1	1	3	1	3	1	2	4	2	1	1	1	1	1	2	1	2	1	1	3	1	1	3	1	2	2	5	3	2	1	1	1	1	1	1	1	1	2	1	1	0	0	1	2	1	2	1	4	1	1	1	3	8	1	3	1	1	1	1	1
Streptomyces sp. NRRL F-5681 JOHA01	7	1	3	3	0	3	8	1	4	1	1	2	1	2	2	2	5	3	1	2	1	1	3	3	1	1	5	1	1	3	1	5	6	2	1	2	1	2	1	1	2	1	1	1	1	1	1	3	1	2	1	1	4	1	1	3	1	1	1	3	2	2	1	1	1	2	1	1	2	1	3	2	1	0	0	1	1	1	2	1	5	1	1	1	1	6	1	1	1	1	1	1	1
Streptomyces sp. NRRL F-5702 JOHD01	7	1	3	3	0	4	8	1	4	1	1	2	1	2	2	2	5	2	1	2	1	1	3	3	1	1	5	1	1	3	1	4	5	2	1	2	1	2	1	1	2	1	1	1	1	1	1	3	1	2	1	1	4	1	1	3	1	1	1	3	2	2	1	1	1	2	1	1	2	1	3	2	1	0	0	1	1	1	2	1	5	1	1	1	1	6	1	1	1	1	1	1	1
Streptomyces sp. NRRL F-5727 JOGX01	5	1	3	3	0	3	10	1	3	1	1	3	1	2	1	2	6	2	1	1	1	1	2	3	1	1	5	1	1	3	0	5	6	0	1	1	1	1	1	1	1	1	1	1	1	1	1	2	1	2	1	1	2	1	1	3	1	1	1	4	2	3	1	1	1	1	1	1	3	1	2	1	1	0	1	1	1	1	1	1	6	2	1	1	2	6	1	2	2	1	1	1	1
Streptomyces sp. NRRL F-5917 JOHQ01	4	1	3	1	0	2	7	1	2	1	2	3	1	1	1	2	5	4	1	1	1	1	2	2	1	1	4	1	1	2	0	3	4	2	1	1	1	1	1	2	1	1	1	1	1	1	1	2	1	2	1	1	2	1	1	4	1	1	1	4	3	2	1	2	1	1	1	1	3	1	3	1	1	0	0	1	1	1	2	1	5	1	1	1	3	7	1	1	2	1	1	1	2
Streptomyces sp. NRRL F-6131 JOHN01	6	1	3	3	0	3	13	1	2	1	1	3	1	2	1	2	4	3	1	2	2	1	2	3	1	1	5	1	1	3	0	2	2	2	1	1	1	1	1	1	3	2	1	1	1	1	1	2	1	2	1	1	2	1	1	3	1	1	1	3	2	2	1	3	2	1	1	1	2	2	3	1	1	0	1	1	1	2	1	1	4	1	1	1	3	5	1	1	1	2	1	1	1
Streptomyces sp. NRRL F-6628 JOHX01	5	1	3	1	0	2	8	1	4	1	1	3	1	2	1	2	4	1	1	2	1	1	2	1	1	1	5	1	1	2	1	4	5	2	1	2	1	1	1	1	1	1	1	1	1	1	1	2	1	2	1	1	3	1	1	3	1	1	1	2	1	2	1	1	1	1	1	1	1	1	2	1	1	0	0	1	2	1	1	2	4	1	1	1	4	5	1	1	1	1	1	1	1
Streptomyces sp. NRRL F-6674 JNXF01	4	1	3	3	0	3	10	2	5	1	1	3	1	2	1	2	5	3	1	2	1	1	2	3	1	1	4	1	1	1	0	4	3	2	1	3	1	3	1	2	3	2	1	1	1	1	1	2	1	3	1	2	2	1	1	3	1	1	1	6	3	2	1	1	2	1	1	1	1	1	3	1	1	0	0	1	2	1	2	1	5	1	1	1	3	7	1	4	1	2	1	1	1
Streptomyces sp. NRRL F-6676 JOHS01	4	1	3	3	0	3	10	2	5	1	1	3	1	2	1	2	5	3	1	2	1	1	2	3	1	1	4	1	1	1	0	4	3	1	1	3	1	3	1	2	3	2	1	1	1	1	1	2	1	3	1	2	2	1	1	3	1	1	1	6	3	2	1	1	2	1	1	1	1	1	3	1	1	0	0	1	2	1	2	1	5	1	1	1	3	7	1	4	1	2	1	1	1
Streptomyces sp. NRRL F-6677 JOHP01	4	1	3	3	0	3	10	2	5	1	1	3	1	2	1	2	5	3	1	2	1	1	2	3	1	1	4	1	1	1	0	4	3	1	1	3	1	3	1	2	3	2	1	1	1	1	1	2	1	3	1	2	2	1	1	3	1	1	1	6	3	2	1	1	2	1	1	1	1	1	3	1	1	0	0	1	2	1	2	1	5	1	1	1	3	7	1	4	1	2	1	1	1
Streptomyces sp. NRRL S-1022 JOIU01	8	1	3	4	0	8	9	2	5	1	1	3	1	2	1	2	4	4	1	2	1	1	2	3	1	1	3	2	1	2	1	4	4	1	1	2	1	3	1	1	4	2	1	1	1	1	1	2	1	3	1	1	3	1	1	3	1	1	1	5	3	3	1	3	3	2	1	2	2	2	2	1	1	0	0	1	1	1	2	1	4	1	1	1	4	7	1	2	1	1	1	1	1
Streptomyces sp. NRRL S-118 JOBL01	5	1	3	4	0	3	7	1	3	1	1	3	1	2	1	2	4	3	1	2	1	1	3	2	1	1	3	1	1	3	0	4	5	1	1	1	1	2	1	1	2	2	1	1	1	1	1	2	1	2	1	1	2	1	2	3	1	1	1	5	3	2	1	1	2	1	1	1	2	1	2	1	1	0	0	1	1	1	2	1	4	1	1	1	2	7	1	1	1	1	1	1	1
Streptomyces sp. NRRL S-1314 JOHU01	6	1	3	3	0	3	8	0	5	1	1	3	1	2	1	2	4	3	1	2	1	1	2	2	1	1	4	1	1	2	0	3	4	2	1	2	1	3	1	1	3	2	1	1	1	0	1	2	1	2	1	1	2	1	1	3	1	2	2	5	3	2	1	2	1	1	1	1	2	0	2	1	1	0	0	1	1	1	2	1	4	1	1	1	3	7	1	3	1	1	1	1	1
Streptomyces sp. NRRL S-1448 JOGE01	6	1	3	4	0	6	8	1	5	1	1	2	1	2	2	2	5	1	1	2	1	1	2	3	1	1	5	1	1	6	0	4	6	2	1	1	1	1	1	1	2	2	1	1	1	1	1	2	1	2	1	1	3	2	1	3	1	1	1	5	3	3	1	2	1	1	1	1	1	2	4	1	1	0	0	1	1	1	2	3	5	1	1	1	2	9	1	1	1	3	2	1	2
Streptomyces sp. NRRL S-146 JOAW01	6	1	3	4	0	5	8	1	5	1	1	3	1	2	1	2	4	0	1	2	1	1	2	3	1	1	3	1	1	3	0	3	3	2	2	2	1	3	1	1	3	3	1	1	1	0	1	2	1	2	1	1	3	1	1	3	1	2	2	4	3	2	1	2	1	1	1	1	1	1	4	1	1	0	0	2	3	1	2	1	4	1	2	2	2	7	1	2	1	1	1	1	1
Streptomyces sp. NRRL S-15 JOGS01	4	1	3	2	0	3	8	1	3	1	1	3	1	1	1	2	3	0	1	2	1	1	3	2	1	1	3	1	1	4	1	2	4	1	1	1	0	3	1	1	2	1	1	1	1	1	1	2	1	2	1	1	3	1	0	3	1	1	1	3	2	2	1	2	1	2	2	0	2	1	4	1	1	0	0	1	0	1	2	0	3	1	1	1	2	5	1	2	1	1	1	1	1
Streptomyces sp. NRRL S-1777 JOGY01	2	1	2	2	2	2	8	1	0	1	1	3	1	2	1	1	5	2	1	3	1	1	2	2	1	1	5	1	1	1	0	1	2	0	2	1	1	2	1	1	1	1	2	1	1	1	0	2	1	4	1	1	2	1	0	3	0	1	1	2	2	2	1	2	2	1	2	2	2	1	2	2	0	0	1	2	0	1	2	1	5	1	1	1	1	2	1	1	1	1	3	1	1
Streptomyces sp. NRRL S-1813 JOHB01	7	0	4	3	0	9	7	1	5	1	1	3	1	2	2	2	5	2	1	2	1	1	3	2	1	1	3	1	1	4	0	3	4	1	1	1	1	1	1	1	1	1	1	1	1	1	1	2	1	3	1	1	2	1	1	3	1	1	1	5	3	3	1	2	1	1	1	1	1	1	3	2	1	0	0	2	1	1	2	1	5	1	2	1	2	8	1	1	1	1	1	1	1
Streptomyces sp. NRRL S-1824 JOGZ01	9	1	3	3	0	3	9	2	4	1	1	3	1	1	2	2	4	1	1	2	1	1	3	2	1	1	3	1	1	4	0	3	4	2	1	3	1	2	1	2	3	2	1	1	1	1	1	2	1	2	1	1	3	1	1	3	1	2	2	4	3	2	1	2	1	1	1	1	2	1	2	1	1	0	0	1	1	1	2	1	4	1	1	2	1	9	1	2	1	1	1	1	1
Streptomyces sp. NRRL S-1831 JOGT01	7	1	3	3	0	2	8	0	4	1	2	3	1	2	1	2	4	2	1	2	1	1	2	4	1	1	4	1	1	2	1	4	6	2	1	3	1	3	1	2	3	2	2	1	1	1	1	2	1	2	1	1	3	2	1	3	1	2	2	4	3	2	1	1	1	1	1	1	2	1	4	1	1	0	0	1	1	1	2	1	4	1	1	1	3	9	1	4	1	1	2	2	2
Streptomyces sp. NRRL S-1833 JOHC01	4	1	2	2	0	1	3	0	2	1	2	2	1	2	1	2	4	0	1	2	0	1	2	2	1	1	4	1	1	1	1	3	4	1	1	1	0	1	1	2	0	1	2	1	1	1	1	2	1	1	1	0	3	0	0	2	1	1	1	1	3	2	1	1	1	1	1	1	1	1	3	1	1	0	0	1	0	1	1	1	4	1	0	1	2	5	1	3	1	1	1	2	1
Streptomyces sp. NRRL S-1868 JOGD01	6	1	3	1	0	3	8	1	3	1	1	3	1	2	1	2	5	3	1	1	1	1	2	4	1	1	3	1	1	3	0	2	5	2	2	1	1	2	1	2	2	1	1	1	1	1	1	2	1	3	2	1	2	2	1	3	1	1	1	4	3	3	1	2	2	1	1	1	2	1	6	2	1	1	0	3	1	1	1	1	5	1	2	1	3	7	1	1	1	2	3	2	1
Streptomyces sp. NRRL S-1896 JOIV01	5	1	3	3	0	5	12	2	5	1	1	3	1	2	1	2	4	3	1	2	1	1	2	3	1	1	5	2	1	2	0	3	4	1	2	3	1	3	1	1	3	3	1	1	1	1	1	2	1	2	1	2	3	2	1	4	2	2	2	6	3	3	1	2	1	1	2	1	1	1	3	2	1	0	0	1	2	1	2	1	4	2	1	1	3	11	3	2	1	1	2	1	3
Streptomyces sp. NRRL S-20 JOBK01	5	1	1	3	1	4	2	1	5	1	1	2	1	2	2	2	4	1	1	2	1	1	2	3	1	1	4	1	0	1	0	2	2	1	1	1	1	1	1	1	1	1	1	1	1	1	1	2	1	2	1	0	3	1	0	3	1	0	1	2	3	3	2	2	2	0	0	0	1	1	2	1	1	0	0	1	0	1	1	1	4	1	1	1	1	7	1	1	1	1	1	0	1
Streptomyces sp. NRRL S-237 JODA01	4	1	3	4	0	4	7	1	5	1	1	3	1	2	2	2	4	2	1	3	1	1	3	2	1	1	4	1	1	3	0	2	2	2	2	2	1	2	1	1	2	2	1	1	1	1	1	2	1	2	1	1	4	1	1	3	1	1	1	5	3	2	1	2	2	2	2	2	2	0	3	1	1	0	1	1	1	1	1	1	4	1	1	1	3	7	1	1	1	1	1	1	1
Streptomyces sp. NRRL S-241 JOCY01	3	1	3	4	0	3	7	1	5	1	1	3	1	2	2	2	3	0	1	2	1	1	3	3	1	1	4	1	1	3	1	3	3	3	2	2	1	2	1	1	1	1	1	1	1	1	1	2	1	2	1	1	3	1	1	3	1	1	1	5	3	2	1	2	1	1	1	1	1	1	4	1	1	1	1	1	1	1	1	1	3	1	1	1	2	7	1	1	2	2	2	1	2
Streptomyces sp. NRRL S-244 JOCX01	3	1	3	3	2	4	6	1	5	1	1	2	1	2	2	2	3	1	1	2	1	1	3	3	1	1	3	1	1	4	0	3	3	1	1	1	1	2	1	1	1	1	1	2	1	1	1	2	1	2	1	1	3	2	1	3	1	1	1	5	3	2	1	2	2	1	1	1	1	1	2	1	1	0	1	1	1	1	1	1	3	1	1	1	3	7	1	1	1	1	1	1	1
Streptomyces sp. NRRL S-31 JOCB01	5	1	3	4	1	5	10	1	5	1	1	3	1	2	1	2	4	5	1	2	1	1	2	3	1	1	5	1	1	6	1	4	5	0	1	1	1	3	1	1	2	2	1	1	1	1	1	2	1	2	1	1	3	1	1	3	1	1	1	4	3	3	1	3	3	2	1	1	2	1	2	1	1	0	0	1	1	1	1	1	4	2	1	1	3	11	1	2	1	1	1	1	1
Streptomyces sp. NRRL S-325 JOIW01	5	1	3	2	1	5	7	1	4	1	2	2	1	2	2	2	5	2	1	2	1	1	3	3	1	1	4	1	1	4	1	3	5	2	1	1	1	2	1	2	3	1	1	1	1	0	1	2	1	2	1	1	3	1	1	3	1	1	1	3	2	2	1	1	1	1	1	1	2	1	2	1	1	0	0	1	1	1	2	1	4	1	1	1	2	7	1	3	1	1	1	1	1
Streptomyces sp. NRRL S-337 JOIX01	6	1	3	4	0	7	8	1	5	1	1	2	1	2	2	2	5	1	1	2	1	1	2	3	1	1	6	1	1	5	0	4	6	2	1	1	1	1	1	1	2	2	1	1	1	1	1	2	1	2	1	1	3	2	1	3	1	1	1	4	3	3	1	2	1	1	1	1	2	2	3	1	1	0	0	1	1	1	1	3	5	1	1	1	2	8	0	1	1	3	2	1	2
Streptomyces sp. NRRL S-340 JOIY01	8	1	3	3	1	4	9	1	5	1	1	3	1	2	1	2	4	2	1	2	1	1	3	3	1	1	4	1	1	2	0	3	3	1	1	3	1	1	1	1	3	2	2	1	1	1	1	2	1	2	1	1	2	1	1	3	1	1	1	4	3	3	1	2	2	1	1	2	1	2	2	1	1	0	0	1	1	1	2	1	4	2	1	1	2	13	1	3	1	2	1	1	1
Streptomyces sp. NRRL S-350 JOHO01	3	1	3	3	0	4	8	1	2	1	1	2	1	2	1	2	5	2	1	2	1	1	2	3	1	1	6	1	1	2	0	2	2	1	2	1	1	1	1	1	1	1	1	1	1	1	1	2	1	2	1	1	2	1	1	3	1	1	1	3	2	3	1	1	2	2	2	1	1	1	2	1	1	1	0	1	1	1	1	1	5	1	1	1	4	5	1	1	1	2	1	1	1
Streptomyces sp. NRRL S-37 JOIZ01	8	1	3	3	0	4	9	2	4	1	1	3	1	2	1	2	4	1	1	2	1	1	2	2	1	1	4	1	1	3	0	3	3	1	1	2	1	3	1	1	2	1	1	1	1	1	1	2	1	2	1	1	2	1	1	3	1	2	2	4	3	2	1	1	1	1	1	1	1	1	3	1	1	0	0	1	1	1	2	1	4	1	1	2	4	7	1	3	1	1	1	1	1
Streptomyces sp. NRRL S-378 JOBX01	1	1	3	4	0	2	6	1	5	1	1	3	1	2	2	2	3	1	2	2	1	1	3	3	1	1	3	1	1	3	0	2	2	2	1	1	1	2	1	1	1	1	1	1	1	1	1	2	1	2	1	1	3	1	1	3	1	1	1	5	3	3	1	2	2	1	1	1	1	1	2	1	1	0	1	1	1	1	1	2	3	1	1	1	2	7	1	1	1	1	1	1	1
Streptomyces sp. NRRL S-384 JOJA01	3	1	3	3	0	4	10	1	3	1	1	3	1	2	1	2	4	2	1	1	1	1	2	3	1	1	4	1	1	2	1	3	3	1	1	2	1	1	1	1	1	1	1	1	1	1	1	2	1	2	1	1	2	1	1	3	1	1	1	4	2	2	1	1	1	1	1	1	2	1	2	1	1	0	0	1	1	2	1	2	4	1	1	1	3	6	1	1	1	1	1	1	1
Streptomyces sp. NRRL S-455 JOCT01	8	1	3	3	0	6	9	2	5	1	1	2	1	2	1	2	7	2	1	2	2	1	2	3	1	1	4	1	1	3	0	3	4	1	1	2	1	3	1	1	3	2	1	1	1	1	1	2	1	2	1	1	3	1	1	3	1	1	1	5	3	3	1	4	1	1	2	1	1	1	4	2	1	0	0	2	1	1	2	2	6	2	2	2	2	5	1	2	1	1	1	1	1
Streptomyces sp. NRRL S-474 JODD01	7	1	3	3	0	6	9	0	5	1	1	2	1	2	1	2	7	1	1	2	2	1	2	4	1	1	4	1	1	3	0	3	4	1	1	2	1	2	1	1	3	2	1	1	1	1	1	2	1	2	1	1	3	1	1	3	0	1	1	5	3	2	1	4	1	1	2	1	1	1	4	2	1	0	0	2	1	1	2	2	6	2	2	2	2	5	1	2	1	1	1	1	1
Streptomyces sp. NRRL S-475 JOJB01	7	1	3	4	0	3	10	1	6	1	1	4	1	2	1	2	5	0	1	2	1	1	2	4	1	1	4	1	1	3	0	3	4	1	1	2	1	3	1	1	3	2	1	1	1	1	1	2	1	2	1	1	4	2	1	3	1	2	2	5	3	3	1	1	1	1	2	1	1	1	3	1	1	0	0	1	1	2	2	1	5	1	1	1	3	7	1	2	1	1	1	1	1
Streptomyces sp. NRRL S-481 JOCV01	7	1	3	5	0	4	9	0	6	1	1	2	1	2	1	2	7	1	1	2	2	1	2	3	1	1	4	1	1	3	0	3	4	1	1	2	1	2	1	1	3	2	1	1	1	1	1	2	1	2	1	0	3	1	1	3	1	1	1	3	3	2	1	4	1	1	1	0	1	1	4	1	1	0	0	2	1	1	2	2	6	2	2	2	2	4	1	2	1	1	1	1	1
Streptomyces sp. NRRL S-515 JODE01	3	1	3	4	0	4	7	1	5	1	1	3	1	2	1	2	5	1	1	2	1	1	3	3	1	1	5	1	1	3	0	2	2	2	2	2	1	2	1	1	2	2	1	1	1	1	1	2	1	2	1	1	3	2	1	3	1	1	1	5	3	2	1	2	2	2	2	2	2	0	4	1	1	0	1	1	1	1	1	1	4	2	1	1	3	6	1	1	1	1	2	1	2
Streptomyces sp. NRRL S-575 JODJ01	3	1	3	4	0	4	6	1	5	1	1	3	1	2	1	2	5	1	1	2	1	1	3	3	1	1	5	1	1	3	0	2	2	2	2	2	1	2	1	1	2	2	1	1	1	1	1	2	1	2	1	1	3	2	1	3	1	1	1	5	3	2	1	2	2	2	2	2	2	0	5	1	1	0	1	1	1	1	1	1	4	2	1	1	3	6	1	1	1	1	2	1	2
Streptomyces sp. NRRL S-623 JOJC01	8	1	3	3	0	2	8	1	4	1	1	3	1	2	2	2	5	2	1	2	1	1	3	3	1	1	5	1	1	4	1	3	4	2	1	1	1	2	1	1	2	1	1	1	1	1	1	2	1	2	1	1	4	1	1	3	1	1	1	3	2	2	1	3	1	1	1	1	2	1	3	1	1	0	0	1	1	1	3	2	5	1	1	1	1	5	1	2	1	1	1	1	1
Streptomyces sp. NRRL S-646 JODC01	8	1	3	3	0	3	11	2	6	1	1	4	1	2	1	2	4	2	2	3	1	1	2	4	1	1	4	1	1	4	0	3	4	2	1	2	1	4	1	1	4	2	2	1	1	1	1	2	1	2	1	2	3	1	1	4	1	2	2	5	3	4	1	3	1	1	2	3	2	3	3	1	1	0	0	2	1	1	2	1	4	1	1	1	4	13	1	3	1	1	1	1	2
Streptomyces sp. NRRL S-813 JODG01	10	1	3	5	0	5	13	0	6	1	2	3	1	2	2	2	4	3	1	2	1	1	3	4	1	1	5	1	1	3	0	3	5	1	1	3	1	1	1	3	3	2	2	1	1	1	1	2	1	3	1	2	3	3	1	4	2	2	2	7	3	5	1	1	1	1	2	1	1	1	4	1	1	0	0	1	1	1	2	1	4	1	1	2	4	10	0	4	1	1	2	1	2
Streptomyces sp. NRRL S-87 JOGB01	5	1	3	3	0	4	7	1	5	1	1	3	1	2	1	2	5	2	1	2	1	1	2	3	1	1	5	1	1	2	0	2	2	1	1	2	1	1	1	1	1	1	1	1	1	1	1	2	1	2	1	1	3	2	1	3	1	1	1	4	3	3	1	1	1	1	1	1	1	1	3	1	1	0	1	1	1	1	1	1	5	1	1	1	3	6	1	1	1	1	2	2	2
Streptomyces sp. NRRL S-920 JODF01	5	1	3	2	0	4	9	2	4	1	1	3	1	2	1	2	6	5	1	2	1	1	3	4	1	1	7	1	1	2	1	2	3	1	1	2	1	2	1	1	4	2	1	1	1	1	1	2	1	2	2	1	4	2	1	3	1	1	1	4	3	3	1	1	1	1	1	1	2	1	3	1	1	0	0	1	1	1	1	2	6	2	1	1	1	6	1	1	1	2	2	2	2
Streptomyces sp. NRRL S-98 JOJD01	3	1	3	4	0	2	6	1	5	1	1	4	1	2	2	2	4	1	2	2	1	1	3	3	1	1	4	1	1	3	0	2	2	2	1	1	1	2	1	1	1	1	1	1	1	1	1	2	1	3	1	1	3	2	1	4	1	1	1	5	3	3	1	2	1	1	1	1	1	1	3	1	1	0	1	1	1	1	1	1	4	1	1	1	2	8	1	1	1	1	2	1	2
Streptomyces sp. NRRL WC-3540 JOCW01	7	1	3	3	0	4	8	1	4	1	1	2	1	2	2	2	5	4	1	2	1	1	3	3	1	1	5	1	1	3	1	4	5	2	1	2	1	2	1	1	2	1	1	1	1	1	1	3	1	2	1	1	4	1	1	3	1	1	1	3	2	2	1	1	1	2	1	1	2	1	3	2	1	0	0	1	1	1	2	1	5	1	1	1	1	6	1	1	1	1	1	1	1
Streptomyces sp. NRRL WC-3549 JOCS01	4	1	2	1	0	4	6	1	4	1	1	2	1	0	2	2	3	0	1	2	1	1	2	3	1	1	2	1	1	1	0	2	3	2	1	1	1	2	1	1	1	1	1	1	1	0	0	2	1	2	1	1	3	1	0	3	1	1	1	1	1	2	1	2	2	0	1	1	2	1	2	1	0	0	0	1	1	1	2	1	3	1	1	1	2	5	1	2	1	1	1	1	1
Streptomyces sp. NRRL WC-3626 JOCA01	11	1	3	2	0	4	9	2	5	1	1	4	1	2	1	2	5	1	1	2	1	1	2	3	1	1	5	1	1	2	0	3	4	2	1	2	1	3	1	1	2	3	1	1	1	1	1	4	1	2	1	1	2	2	1	4	1	2	2	5	3	2	1	2	1	1	2	1	1	1	3	1	1	0	0	1	2	2	2	1	5	1	1	1	3	6	1	3	1	1	1	1	3
Streptomyces sp. NRRL WC-3641 JOBM01	6	1	2	4	0	3	7	0	5	1	1	3	1	2	2	2	5	0	1	2	1	1	2	3	1	1	4	1	1	2	0	3	4	1	1	1	1	1	1	1	1	3	1	1	1	1	1	2	1	2	1	1	3	1	0	4	1	2	2	5	3	2	1	1	1	1	2	1	1	1	4	1	1	0	0	1	1	0	2	1	5	1	1	2	4	5	1	3	1	1	1	1	1
Streptomyces sp. NRRL WC-3702 JOCC01	7	1	3	3	1	11	8	1	5	1	2	2	1	2	2	2	6	6	2	3	1	1	2	6	1	1	6	1	1	4	0	3	4	2	1	1	1	1	1	2	2	1	1	1	1	1	1	2	1	2	1	1	4	1	2	3	1	1	1	4	3	2	1	2	1	1	1	1	1	1	4	2	1	0	0	2	1	1	2	2	6	1	2	1	2	8	1	1	1	2	2	2	2
Streptomyces sp. NRRL WC-3703 JOCH01	7	1	3	3	1	11	8	1	5	1	2	2	1	2	2	2	6	6	2	3	1	1	2	6	1	1	6	1	1	4	0	3	4	2	1	1	1	1	1	2	2	1	1	1	1	1	1	2	1	2	1	1	4	1	2	3	1	1	1	4	3	2	1	2	2	1	1	1	1	1	4	2	1	0	0	2	1	1	2	2	6	1	2	1	2	8	1	1	1	2	2	2	2
Streptomyces sp. NRRL WC-3704 JOCI01	7	0	1	3	0	6	1	1	4	1	2	4	1	1	2	1	3	0	3	3	0	1	2	3	0	1	3	0	1	1	0	1	2	0	2	1	0	2	1	2	1	1	1	1	1	1	0	1	1	2	1	0	3	0	0	4	0	1	1	1	3	1	1	1	2	1	1	1	0	0	1	0	0	0	0	1	0	0	2	0	3	1	1	0	1	6	1	1	1	1	2	0	1
Streptomyces sp. NRRL WC-3719 JOCD01	4	1	3	3	0	3	6	1	2	1	1	2	1	1	1	2	5	1	2	2	1	1	3	4	1	1	5	1	1	3	0	3	4	1	1	1	1	1	1	1	2	1	2	1	1	1	1	3	1	2	1	1	2	2	1	3	1	1	1	3	2	2	1	2	1	1	1	2	2	2	2	1	1	0	0	1	1	1	1	1	5	1	1	1	3	4	1	2	1	1	2	2	1
Streptomyces sp. NRRL WC-3725 JOJH01	5	1	3	3	0	5	12	2	5	1	1	3	1	2	1	2	4	3	1	2	1	1	2	3	1	1	5	2	1	2	0	3	4	1	2	2	1	3	1	1	3	2	1	1	1	1	1	2	1	2	1	2	3	1	1	3	2	2	2	4	3	3	1	2	1	1	2	1	1	1	3	2	1	0	0	1	1	1	2	1	4	2	1	1	3	11	1	2	1	1	1	1	1
Streptomyces sp. NRRL WC-3742 JOCF01	4	1	2	3	0	5	10	1	4	1	1	2	1	2	1	2	4	3	3	2	1	1	3	3	1	1	5	1	1	3	0	2	2	1	1	1	1	1	1	1	1	1	1	1	1	1	1	2	1	2	1	1	2	1	1	4	1	1	1	3	2	2	1	1	1	1	1	1	1	1	4	1	1	0	0	1	1	1	1	1	4	2	1	1	3	4	1	1	2	2	1	1	1
Streptomyces sp. NRRL WC-3744 JOCJ01	5	1	3	3	0	5	12	2	5	1	1	3	1	3	1	2	4	3	1	2	1	1	2	3	1	1	5	2	1	2	0	3	4	1	2	3	1	3	1	2	4	2	1	1	1	1	1	2	1	2	1	2	3	2	1	4	2	2	2	6	3	3	1	2	1	1	2	1	1	1	3	2	1	0	0	1	1	1	2	1	4	2	1	1	3	13	0	2	1	1	2	0	3
Streptomyces sp. NRRL WC-3773 JOJI01	7	1	3	4	0	10	9	1	5	1	2	3	1	2	2	2	5	5	2	2	1	1	2	3	1	1	6	1	1	5	0	2	2	2	1	1	1	1	1	2	2	1	1	1	1	1	1	2	1	3	1	1	4	1	2	3	1	1	1	4	3	2	1	1	4	1	1	1	1	1	4	1	1	0	0	1	1	1	2	2	5	1	1	1	3	7	1	1	2	2	2	1	2
Streptomyces sp. NRRL WC-3774 JOBZ01	8	1	3	4	0	4	11	0	6	1	1	5	1	2	1	2	6	2	1	2	1	1	2	4	0	1	6	1	1	3	0	3	4	2	2	2	1	3	1	1	3	2	2	1	1	1	1	2	1	3	1	1	3	1	1	4	1	2	2	5	3	4	1	3	1	1	1	1	2	1	5	1	1	0	1	1	1	1	2	2	6	2	1	2	3	9	1	3	1	1	1	1	2
Streptomyces sp. NRRL WC-3795 JOCG01	6	1	3	3	1	4	9	1	5	1	3	4	1	2	2	2	4	0	1	2	1	1	2	4	1	1	5	1	1	2	0	3	4	1	1	3	1	3	1	2	3	2	2	1	1	1	1	2	1	2	1	1	2	1	1	3	1	2	2	4	3	2	1	2	1	1	2	1	1	1	3	2	1	0	0	2	1	1	2	2	4	1	2	1	3	9	1	2	1	1	1	1	1
Streptomyces sp. NTK 937 JJOB01	4	1	3	5	0	3	7	1	4	1	2	2	1	1	3	2	5	1	1	2	1	1	2	4	1	1	4	1	1	2	1	4	5	2	1	1	1	2	1	3	2	1	1	1	1	0	1	2	1	2	1	1	3	1	1	3	1	1	1	3	2	2	1	3	1	1	1	1	2	1	5	1	1	0	0	1	1	1	2	1	5	1	1	1	2	6	1	2	2	2	1	1	1
Streptomyces sp. PAMC26508 NC_021055.1	5	1	3	2	1	5	7	1	4	1	2	2	1	2	2	2	5	2	1	2	1	1	3	3	1	1	4	1	1	4	1	3	5	2	1	1	1	2	1	2	3	1	1	1	1	0	1	2	1	2	1	1	3	1	1	5	1	1	1	3	2	2	1	1	1	1	1	1	2	1	2	1	1	0	0	1	1	1	2	1	4	1	1	1	2	7	1	3	1	1	1	1	1
Streptomyces sp. PBH53 CP011799.1	8	1	3	3	0	7	9	2	5	1	1	3	1	2	1	2	4	5	1	2	1	1	2	3	1	1	4	1	1	4	0	5	7	1	1	2	1	3	1	0	3	2	1	1	1	1	1	2	1	3	1	1	3	1	1	3	1	1	1	4	3	3	1	3	3	2	1	1	2	1	1	2	1	0	0	1	1	1	2	1	4	1	1	1	3	8	1	2	1	2	1	1	1
Streptomyces sp. PCS3-D2 JDUZ01	2	1	3	4	0	4	6	1	5	1	1	3	1	2	1	2	3	0	1	2	1	1	3	3	1	1	3	1	1	2	0	2	2	2	1	1	1	2	1	1	1	1	1	1	1	1	1	2	1	3	1	1	3	2	1	3	1	1	1	4	3	2	1	1	1	1	1	1	1	1	2	1	1	0	1	1	1	1	1	1	3	1	1	1	3	7	1	1	2	2	1	0	0
Streptomyces sp. PRh5 JABQ01	14	1	3	4	0	5	10	1	6	1	1	3	1	1	1	2	3	3	1	2	1	1	3	5	1	1	4	2	1	2	0	3	4	2	2	1	1	2	1	2	3	1	1	1	1	1	1	2	1	5	1	3	2	3	1	5	2	2	2	4	3	6	1	1	3	3	3	1	2	1	5	1	1	0	0	1	1	1	2	3	3	1	1	1	3	10	1	4	1	1	3	2	3
Streptomyces sp. PsTaAH-124 AREJ01	6	1	3	3	0	3	9	1	5	1	1	3	1	3	2	2	4	4	2	2	2	1	2	4	1	1	3	1	1	5	2	5	5	2	1	2	1	3	1	1	4	2	2	1	1	1	1	3	1	3	1	1	3	1	1	3	1	1	1	4	2	2	1	2	2	1	1	1	1	1	5	1	1	0	0	1	1	1	2	1	4	2	1	1	3	10	2	1	1	2	1	1	2
Streptomyces sp. PVA 94-07 NZ_CM002273.1	6	1	3	1	0	4	7	1	4	1	1	3	1	2	1	2	4	0	1	2	1	1	2	1	1	1	6	1	1	2	0	3	4	2	2	2	1	2	1	1	1	1	1	1	1	1	1	2	1	3	1	3	2	3	1	3	1	1	1	3	2	2	1	1	1	1	1	1	2	1	3	1	1	0	0	1	2	1	1	1	4	1	1	1	3	5	1	1	1	1	3	3	1
Streptomyces sp. R1-NS-10 BARG01	11	1	3	4	1	4	13	2	5	1	1	4	1	3	3	2	5	2	1	2	1	1	2	3	1	1	6	1	1	4	1	6	8	2	1	2	1	2	1	1	3	3	2	1	1	1	1	2	1	2	2	2	3	2	1	5	1	2	2	6	3	3	1	2	2	1	2	1	2	1	4	1	1	0	0	1	1	1	2	1	5	1	1	1	4	15	1	2	1	1	1	1	3
Streptomyces sp. S4 CADY01	5	1	3	1	0	3	8	1	4	1	1	3	1	2	2	2	4	1	1	2	1	1	2	1	1	1	5	1	1	2	1	4	5	2	1	2	1	2	1	1	1	2	1	1	1	1	1	2	1	2	1	1	3	1	1	3	1	1	1	3	2	2	1	1	2	1	1	1	1	1	3	1	1	0	0	1	2	1	1	1	4	1	1	1	4	6	1	1	1	1	1	1	1
Streptomyces sp. SA3_actF ADXB01	7	1	2	2	0	4	8	1	2	1	1	3	1	2	1	2	3	1	1	2	1	1	3	1	1	1	3	1	1	3	1	3	2	2	1	2	1	2	1	1	2	1	2	1	1	1	1	2	1	2	1	1	3	1	1	3	1	1	1	3	2	2	1	2	1	1	0	1	3	2	2	2	1	0	0	1	1	1	0	1	3	0	1	1	2	5	1	1	2	1	1	1	1
Streptomyces sp. SA3_actG ADXA01	7	1	3	2	0	4	8	1	2	1	1	3	1	2	1	2	3	1	1	2	1	1	3	2	1	1	3	1	1	3	1	3	2	2	1	2	1	2	1	1	2	1	2	1	1	0	1	2	1	2	1	1	3	1	1	3	1	1	1	3	2	2	1	2	1	1	1	1	3	2	3	2	1	0	0	1	1	1	1	1	3	0	1	1	2	5	1	1	2	1	1	1	1
Streptomyces sp. ScaeMP-e10 ARDV01	6	1	3	2	1	5	8	1	4	1	1	3	1	2	2	2	4	2	2	2	1	1	3	3	1	1	4	1	1	3	2	5	6	2	1	1	1	2	1	1	2	1	1	1	1	1	1	2	1	2	1	1	4	1	1	3	1	1	1	3	2	2	1	2	1	1	1	1	2	1	3	1	1	0	0	1	1	2	2	1	4	1	1	1	2	6	1	1	1	1	1	1	1
Streptomyces sp. SirexAA-E NC_015953.1	5	1	3	3	0	3	10	1	3	1	1	3	1	2	1	2	4	1	1	2	1	1	2	2	1	1	3	1	1	2	1	3	4	2	1	2	1	2	1	2	3	1	1	1	1	0	1	2	1	2	1	1	4	1	1	3	1	1	1	3	2	2	1	1	1	1	1	1	2	1	7	1	1	0	0	1	1	1	2	1	4	1	1	1	1	7	1	2	1	2	1	1	1
Streptomyces sp. SM8 AMPN01	5	1	3	1	0	2	8	1	2	1	1	3	1	2	2	2	4	0	1	2	1	1	2	1	1	1	5	1	1	2	1	3	4	2	1	1	1	2	1	1	1	1	1	1	1	1	1	2	1	2	1	1	3	1	1	4	1	1	1	3	2	2	1	1	1	1	1	1	1	1	3	1	1	1	0	1	1	1	1	1	4	1	1	1	3	5	1	1	1	1	1	1	1
Streptomyces sp. SolWspMP-sol2th ARPF01	6	1	3	3	0	4	8	1	4	1	1	2	1	2	2	2	5	3	1	2	1	1	2	3	1	1	6	1	1	5	1	4	5	2	1	1	1	2	1	1	2	1	1	1	1	0	1	2	1	2	1	1	4	1	1	3	1	1	1	3	2	2	1	3	1	1	1	1	2	1	3	1	1	0	0	1	1	1	2	1	5	1	1	1	2	5	1	1	1	1	1	1	1
Streptomyces sp. SPB74 ABJG02	6	1	3	1	0	4	6	1	2	1	1	3	1	2	1	2	4	1	0	2	1	1	2	1	1	1	3	1	1	1	1	3	4	1	1	2	0	2	1	1	2	1	2	1	1	1	1	2	1	2	1	1	3	1	1	3	1	1	1	3	2	2	1	1	0	1	1	1	2	1	1	1	1	0	0	1	1	1	0	0	4	1	1	1	2	3	1	0	2	1	1	1	1
Streptomyces sp. SPB78 ACEU01	7	1	3	2	0	4	6	1	2	1	1	3	1	2	1	2	5	1	1	2	1	1	2	2	1	0	4	1	1	3	1	3	2	1	1	2	1	1	1	1	2	1	2	1	1	1	1	2	1	2	1	1	3	1	1	2	1	1	1	3	2	2	1	1	1	1	0	1	2	1	3	2	1	0	0	1	1	1	0	1	5	0	1	1	2	5	1	1	2	1	1	1	1
Streptomyces sp. SS AKXV01	8	1	3	3	0	6	9	1	3	1	1	3	1	2	1	2	5	1	1	2	1	1	2	3	1	1	3	2	1	3	1	4	4	1	2	1	1	1	1	1	1	1	1	1	1	0	1	2	1	2	1	1	2	1	1	3	1	1	1	5	3	3	1	2	1	1	1	1	2	1	2	1	1	0	1	1	1	1	2	1	5	1	1	1	2	6	1	2	1	1	1	1	1
Streptomyces sp. TAA040 AUKR01	2	1	3	1	0	3	6	1	2	1	1	2	1	2	1	2	3	0	1	1	1	1	2	2	1	1	3	1	1	2	0	3	3	2	1	1	1	2	1	1	1	1	1	1	1	1	1	3	1	2	1	1	2	1	1	3	1	1	1	3	2	2	1	1	1	1	1	1	1	1	2	1	1	0	1	1	1	1	1	1	3	1	1	1	5	4	1	1	1	1	1	1	2
Streptomyces sp. TAA204 AUKW01	3	1	3	1	1	4	7	1	3	1	1	1	1	2	1	2	3	1	1	2	2	1	3	2	1	1	3	1	1	2	0	3	4	2	1	1	1	2	1	1	1	1	1	1	1	1	1	2	1	3	1	1	2	1	1	3	1	2	2	4	3	2	1	3	1	1	2	1	1	1	3	1	1	0	0	1	1	1	2	1	3	1	1	1	2	7	1	2	1	1	1	1	1
Streptomyces sp. TAA486 AUEV01	7	1	3	1	0	2	6	1	3	1	1	1	1	2	1	2	3	1	1	2	1	1	3	4	1	1	3	1	1	1	0	2	3	2	1	1	1	2	1	2	1	2	1	1	1	1	1	2	1	3	1	1	3	3	1	3	1	2	2	3	2	2	1	2	1	1	2	1	1	1	2	1	1	0	0	1	1	1	2	1	3	1	1	2	2	8	1	3	1	1	3	2	5
Streptomyces sp. TOR3209 AGNH01	6	1	3	3	1	5	8	0	5	1	3	4	1	2	2	2	4	0	1	2	1	1	2	4	1	1	4	1	1	2	0	3	4	1	1	3	1	3	1	2	2	2	2	1	1	1	1	2	1	2	1	1	2	1	1	3	1	2	2	4	3	2	1	2	1	1	2	1	1	1	4	2	1	0	0	2	1	1	2	2	4	1	2	1	3	9	1	2	1	1	1	1	1
Streptomyces sp. Tu 6176 JFJQ01	6	1	3	3	0	3	7	1	5	1	1	3	1	2	2	2	5	4	2	2	1	1	2	4	1	1	4	1	1	4	2	4	4	1	1	2	1	2	1	1	4	2	2	1	1	1	1	3	1	3	1	1	3	0	1	3	1	1	1	3	2	2	1	2	2	1	1	1	1	1	5	1	1	0	0	1	1	1	2	1	5	2	1	1	3	9	2	1	1	2	1	1	2
Streptomyces sp. Tu6071 NZ_CM001165.1	8	1	3	2	0	4	8	1	2	1	1	3	1	2	2	2	4	1	1	2	1	1	3	1	1	1	3	1	1	3	1	3	2	2	1	2	1	1	1	1	2	1	2	1	1	1	1	2	1	2	1	1	3	1	1	3	1	1	1	3	2	2	1	1	1	1	1	1	2	1	5	2	1	0	0	1	1	1	1	1	4	0	1	1	2	5	1	2	2	1	1	1	1
Streptomyces sp. UNC401CLCol JMLN01	6	1	3	3	0	4	9	1	6	1	1	3	1	2	1	2	4	2	1	2	1	1	2	3	1	1	4	1	1	2	1	4	5	2	1	2	1	3	2	2	3	1	1	1	1	1	1	2	1	2	1	1	2	1	1	3	1	2	2	5	3	2	1	1	1	1	2	1	1	1	2	1	1	0	0	1	1	1	2	1	4	1	1	1	3	7	1	3	1	1	1	1	2
Streptomyces sp. URHA0041 JNIH01	4	1	3	2	0	2	11	1	3	1	1	3	1	2	2	2	3	0	1	1	1	1	2	2	1	1	3	1	1	1	0	3	3	1	1	1	1	2	1	1	2	1	1	1	1	1	1	2	1	2	1	1	3	1	1	3	2	1	1	6	3	3	1	1	1	1	1	1	2	1	2	1	1	0	0	1	1	1	1	1	3	1	1	1	1	5	1	3	1	2	1	1	1
Streptomyces sp. W007 AGSW01	10	1	3	2	0	4	8	1	4	1	1	2	1	2	2	2	4	2	2	2	1	1	4	3	1	1	4	1	1	3	1	3	4	2	1	1	1	2	1	1	2	1	1	1	1	0	1	2	1	2	1	1	3	1	1	2	1	1	1	3	2	2	1	1	1	1	1	0	2	1	2	1	1	0	0	1	1	1	2	1	4	1	1	1	1	5	1	2	1	1	1	1	1
Streptomyces sp. Wigar10 AGDF01	7	1	3	3	0	5	6	1	4	1	2	2	1	2	2	2	4	2	1	2	1	1	3	4	2	1	4	1	1	3	1	3	2	2	1	2	1	2	1	2	2	1	1	1	1	0	1	2	1	2	1	1	5	3	1	3	1	1	1	3	1	2	1	3	1	1	1	0	1	1	2	1	1	0	0	0	1	1	2	1	4	1	0	1	2	5	2	1	1	2	1	1	1
Streptomyces sulphureus DSM 40104 ARLC01	4	1	3	1	1	4	7	1	3	1	1	2	1	1	2	2	5	4	1	1	1	1	2	3	1	1	5	1	1	3	0	3	4	2	1	2	1	3	1	2	1	1	1	1	1	1	1	2	1	2	1	1	2	2	1	3	1	1	1	4	3	3	1	2	1	1	1	1	3	1	4	1	1	0	0	1	1	1	2	1	5	1	1	1	2	7	1	2	1	1	2	1	1
Streptomyces sviceus ATCC 29083 NZ_CM000951.1	6	1	2	4	0	3	11	2	5	1	1	4	1	2	2	2	5	0	1	2	1	1	2	4	1	1	5	1	1	1	0	3	4	1	1	2	1	3	1	1	3	2	2	1	1	1	1	2	1	2	1	2	3	1	1	4	2	2	2	5	3	3	1	1	2	1	2	1	2	1	2	1	1	0	1	1	1	1	2	1	5	1	1	2	3	9	1	2	1	2	1	1	1
Streptomyces thermolilacinus SPC6 ASHX01	3	1	3	3	0	5	7	1	4	1	1	2	1	1	1	2	4	2	2	3	1	1	3	3	1	1	4	1	1	3	0	3	4	1	1	1	1	1	1	1	2	2	1	1	1	1	1	2	1	2	1	1	2	1	1	3	1	1	1	3	2	2	1	2	1	1	1	1	2	1	3	2	1	0	0	2	1	1	1	1	4	1	2	1	3	5	1	2	1	2	1	1	1
Streptomyces toyocaensis JFCB01	5	1	3	3	0	2	9	2	3	1	1	3	1	2	1	2	4	1	2	2	1	1	2	4	1	1	4	1	1	2	0	3	4	1	1	2	1	3	1	1	2	2	1	1	1	1	1	2	1	2	1	1	2	1	1	5	1	1	1	4	3	2	1	2	1	1	1	2	1	2	2	1	1	0	0	1	1	1	2	2	4	1	1	1	4	5	1	2	1	1	1	1	1
Streptomyces tsukubaensis NRRL18488 AJSZ01	6	1	3	3	0	3	7	1	3	1	1	2	1	1	1	2	4	1	1	2	1	1	3	2	1	1	3	1	1	5	1	4	4	2	1	1	1	2	1	1	2	1	1	1	1	1	1	2	1	2	2	1	3	1	1	3	1	1	1	3	3	2	1	1	1	1	1	1	1	1	2	1	1	1	0	1	1	1	2	2	4	1	1	1	2	4	1	1	1	1	1	1	1
Streptomyces turgidiscabies Car8 AEJB01	10	1	3	3	0	4	11	2	5	1	1	1	1	2	2	2	4	1	1	2	2	1	3	3	1	1	3	1	1	2	0	1	2	1	1	2	1	5	1	1	5	4	1	1	1	1	1	2	1	2	1	1	2	1	1	4	1	2	2	4	3	4	1	2	1	1	2	1	2	2	5	1	1	0	0	1	2	1	2	1	4	1	1	1	3	9	0	3	1	1	1	1	1
Streptomyces varsoviensis NRRL B-3589 JOFN01	7	1	3	4	0	6	6	1	4	1	2	3	1	2	2	2	4	5	2	3	1	1	2	4	1	1	3	1	1	3	0	2	3	2	2	1	1	1	2	2	1	1	1	1	1	1	1	3	1	3	2	1	3	1	1	3	1	1	1	4	3	2	1	2	3	1	1	1	1	1	3	1	1	0	0	1	1	1	2	1	4	1	1	1	1	8	1	1	1	1	3	1	1
Streptomyces varsoviensis NRRL ISP-5346 JOBF01	7	1	3	4	0	6	6	1	4	1	2	3	1	2	2	2	4	5	2	3	1	1	2	4	1	1	3	1	1	3	0	2	3	2	2	1	1	1	2	2	1	1	1	1	1	1	1	3	1	3	2	1	3	1	1	3	1	1	1	4	3	2	1	2	3	1	1	1	1	1	3	1	1	0	0	1	1	1	2	1	4	1	1	1	1	8	1	1	1	1	3	1	1
Streptomyces venezuelae ATCC 10712 NC_018750.1	6	1	3	3	0	3	8	1	4	2	1	3	1	2	2	2	4	4	1	2	1	1	3	3	1	1	3	1	1	4	0	6	6	3	1	1	1	1	1	1	1	1	1	1	1	1	1	2	1	2	1	1	3	1	1	3	1	1	1	5	3	3	1	3	1	1	1	1	2	1	5	2	1	0	0	2	1	1	2	1	4	1	2	1	2	7	1	2	4	1	1	1	1
Streptomyces vietnamensis strain GIM4.0001 NZ_CP010407.1	5	1	3	4	0	3	8	1	4	1	1	3	1	2	2	2	5	2	1	2	1	1	3	4	1	1	3	1	1	2	0	4	5	3	1	1	1	1	1	1	2	1	1	1	1	0	1	2	1	2	1	1	2	1	1	3	0	1	1	5	3	4	1	1	2	2	2	1	2	1	2	1	1	0	1	1	1	1	2	2	5	1	1	1	1	8	1	1	2	2	1	1	1
Streptomyces vinaceus JNYP01	7	1	3	3	0	4	8	1	4	1	1	3	1	2	2	2	5	4	1	2	1	1	3	3	1	1	5	1	1	3	1	4	5	2	1	2	1	2	1	1	2	1	1	1	1	1	1	3	1	2	1	1	4	1	1	3	1	1	1	3	2	2	1	1	1	2	1	1	2	1	3	2	1	0	0	1	1	1	2	1	5	1	1	1	1	6	1	1	1	1	1	1	1
Streptomyces violaceoruber JOCE01	9	1	3	3	0	2	8	0	5	1	2	3	1	2	2	2	5	1	1	2	1	1	2	3	1	1	5	1	1	3	0	3	5	1	1	3	1	3	1	2	3	2	2	1	1	1	1	2	1	2	1	1	3	1	1	4	1	2	2	5	3	2	1	2	1	1	1	1	1	1	4	2	1	0	0	2	1	1	2	2	5	1	2	2	3	8	1	4	1	1	1	1	1
Streptomyces violaceorubidus JODM01	7	1	3	3	0	2	10	0	4	1	1	3	1	2	1	2	4	2	1	2	1	1	2	4	1	1	4	1	1	3	0	4	5	1	1	3	1	3	1	1	3	2	2	1	1	1	1	2	1	2	1	1	3	1	1	3	1	2	2	5	3	2	1	2	1	1	1	1	1	1	2	1	1	0	0	1	1	1	2	2	4	2	1	1	3	9	1	3	1	1	1	1	1
Streptomyces violaceusniger Tu 4113 NC_015957.1	11	1	3	4	0	4	10	1	6	1	1	3	1	1	2	2	4	2	1	2	1	1	3	3	1	1	4	1	1	3	0	2	2	2	1	2	1	4	1	3	2	1	1	1	1	1	1	2	1	4	1	1	2	2	1	3	1	2	2	5	3	5	1	1	3	2	1	1	1	1	3	1	1	0	0	1	1	1	2	2	4	1	1	1	2	9	1	3	1	1	2	1	2
Streptomyces violens JOBH01	6	1	3	3	0	7	10	1	5	1	2	2	1	2	1	2	5	1	1	2	1	1	2	2	1	1	5	1	1	1	0	2	3	2	1	1	1	1	1	2	3	1	1	1	1	1	1	2	1	2	1	3	2	1	1	3	1	1	1	4	3	3	1	2	1	1	2	1	1	1	3	1	1	0	0	1	1	1	2	1	5	1	1	2	2	10	1	3	1	2	0	1	3
Streptomyces virginiae JOAK01	3	1	3	4	0	2	6	1	5	1	1	3	1	2	2	2	4	1	2	2	1	1	3	3	1	1	4	1	1	3	0	2	2	2	1	1	1	2	1	1	1	1	1	1	1	1	1	2	1	3	1	1	3	2	1	4	1	1	1	5	3	3	1	2	1	1	1	1	1	1	3	1	1	0	1	1	1	1	1	1	4	1	1	1	2	8	1	1	1	1	2	1	2
Streptomyces viridochromogenes DSM 40736 ACEZ01	7	1	3	4	0	6	10	2	6	1	1	3	1	2	2	2	5	2	1	2	1	1	2	4	1	1	4	1	1	2	0	3	4	1	1	2	1	3	1	1	3	2	1	1	1	1	1	2	1	2	1	1	2	2	1	3	2	2	2	5	3	3	1	3	1	1	2	1	1	1	3	1	1	0	0	1	2	1	2	1	5	1	1	2	2	9	1	3	1	1	1	1	1
Streptomyces viridochromogenes Tue57 AMLP01	7	1	3	4	0	5	9	2	6	1	1	3	1	2	1	2	4	2	1	2	1	1	2	4	1	1	4	1	1	2	0	3	4	1	2	2	1	3	1	1	3	2	2	1	1	1	1	2	1	2	1	1	3	2	1	3	1	2	2	4	3	2	1	3	0	1	2	1	3	0	5	2	1	0	0	2	1	1	2	2	4	1	2	1	3	13	1	2	2	1	2	2	3
Streptomyces viridosporus T7A AJFD01	6	1	3	3	1	4	8	1	4	1	1	3	1	2	1	2	5	4	1	2	1	1	2	2	1	1	4	1	1	3	1	4	5	1	1	3	1	3	1	1	2	1	1	1	1	1	1	2	1	3	1	1	3	1	1	4	1	2	2	4	3	2	1	2	1	1	2	1	1	1	4	1	1	0	0	1	1	2	2	2	5	1	1	1	4	7	1	2	1	1	1	1	1
Streptomyces vitaminophilus DSM 41686 ARCK01	6	1	3	2	0	3	11	1	4	1	1	1	1	2	1	2	5	2	1	1	1	1	2	2	1	1	5	1	1	2	0	3	5	1	1	1	1	2	1	1	1	1	1	1	1	1	1	2	1	4	1	1	2	1	2	3	1	1	1	4	3	2	1	1	1	1	1	1	1	1	2	1	1	0	0	1	1	1	1	1	5	1	1	1	2	4	1	1	1	1	1	1	1
Streptomyces wadayamensis JHDU01	4	1	3	1	0	2	6	1	4	0	1	3	1	2	1	0	4	0	1	2	1	1	1	1	1	0	5	1	1	0	1	4	5	0	0	2	1	1	1	1	1	1	0	1	1	1	1	2	1	2	1	1	2	0	1	3	0	1	0	1	2	2	1	1	0	1	1	1	0	1	3	1	1	0	0	1	2	1	1	1	4	1	1	1	3	3	0	0	0	1	1	1	1
Streptomyces wedmorensis JNWK01	6	1	3	3	0	5	12	1	5	1	1	3	1	2	1	2	6	2	1	2	1	1	3	2	1	1	4	2	1	5	1	4	4	1	2	1	1	1	1	1	1	1	1	1	1	0	1	2	1	2	1	1	2	1	1	4	1	1	1	5	3	5	1	4	2	2	1	1	2	1	2	1	1	0	1	1	1	1	3	1	6	2	1	1	3	8	1	2	1	1	2	2	1
Streptomyces xanthophaeus JNZH01	6	1	3	3	0	5	7	1	6	1	1	3	1	2	1	2	5	0	1	2	2	1	4	3	1	1	6	1	1	3	1	4	4	3	1	1	1	2	1	1	1	1	1	1	1	1	1	2	1	2	1	1	3	1	1	3	1	1	1	4	3	2	1	2	1	1	1	1	1	1	3	1	1	0	1	1	1	2	1	1	5	1	1	1	2	6	1	1	1	1	1	1	2
Streptomyces xiamenensis strain 318 NZ_CP009922.2	4	1	3	2	0	2	7	1	2	1	2	1	1	2	2	2	3	0	1	1	1	1	2	3	1	1	2	1	1	2	0	2	2	2	2	1	1	2	1	2	3	1	1	1	1	1	1	2	1	3	1	1	2	2	1	3	1	1	1	3	2	2	1	2	1	1	1	1	1	1	3	2	1	0	0	2	1	1	1	1	3	1	2	1	1	6	1	2	1	1	1	1	1
Streptomyces xiaopingdaonensis AJTQ01	4	1	3	1	1	3	7	1	3	1	1	2	1	1	2	2	5	3	1	1	1	1	2	2	1	1	5	1	1	4	0	3	4	2	1	2	1	2	1	2	1	1	1	1	1	1	1	2	1	2	1	1	1	2	1	3	1	1	1	4	3	2	1	2	2	1	1	1	3	1	3	1	1	0	0	1	1	2	2	1	5	1	1	1	2	7	1	1	1	1	2	1	1
Streptomyces xylophagus JNWO01	9	1	2	4	0	4	12	2	5	1	1	4	1	2	2	2	6	3	1	2	1	1	2	6	1	1	6	1	1	2	1	5	6	2	1	2	1	4	1	1	4	2	2	1	1	1	1	2	1	2	1	2	3	1	1	5	1	2	2	4	3	3	1	1	1	1	2	1	2	1	4	1	1	0	0	1	1	1	2	2	6	1	1	1	3	11	1	3	1	1	1	1	1
Streptomyces yeochonensis CN732 JQNR01	7	1	3	2	1	2	11	1	2	1	1	2	1	2	2	2	5	3	1	1	1	1	2	3	1	1	5	1	1	3	0	2	2	2	2	1	1	2	1	1	2	1	1	1	1	1	1	4	1	2	1	1	2	3	1	3	1	1	1	3	2	2	1	1	1	1	1	1	2	1	2	1	1	0	0	1	2	1	1	1	5	2	1	1	1	4	1	1	1	2	2	2	1
Streptomyces yerevanensis JNWJ01	7	1	3	3	0	4	12	1	5	1	1	1	1	2	1	2	4	3	1	2	2	1	2	5	1	1	3	1	1	2	0	2	3	1	1	1	1	3	1	1	2	2	1	1	1	1	1	2	1	3	1	2	2	1	1	6	1	2	2	6	3	4	1	1	2	1	2	1	1	1	3	1	1	0	0	1	1	1	2	1	4	1	1	1	3	11	2	2	1	1	1	1	3
Streptomyces yokosukanensis LAB	8	1	3	3	1	10	11	2	5	1	1	3	1	2	1	2	4	2	1	2	1	1	2	3	1	1	3	1	1	3	0	3	3	2	1	2	1	3	1	1	3	1	3	1	1	1	1	2	1	3	1	1	4	1	1	3	1	2	1	5	3	3	1	4	3	2	1	1	2	1	2	1	1	0	0	1	1	2	2	3	4	1	1	1	5	10	1	2	1	1	1	1	2
Streptomyces zinciresistens K42 AGBF01	6	1	3	2	0	3	8	2	6	1	1	3	1	2	1	2	4	3	1	2	1	1	2	3	1	1	3	1	1	2	0	4	4	1	1	2	1	3	1	1	2	0	2	1	1	1	1	4	1	2	1	1	2	1	1	3	1	2	2	4	3	3	1	1	1	1	1	1	1	1	2	1	1	0	0	1	3	1	2	1	4	1	1	1	3	6	1	2	1	1	1	1	1
